timestep,id,lane,lane_position,velocity
0,0,2,22,0
0,1,3,24,0
0,2,1,40,0
0,3,3,46,0
0,4,4,26,0
0,5,3,2,0
0,6,2,15,0
0,7,0,17,0
0,8,1,16,0
0,9,4,2,0
0,10,2,46,0
0,11,2,2,0
0,12,1,25,0
0,13,0,12,0
0,14,1,11,0
0,15,2,42,0
0,16,1,5,0
0,17,2,38,0
0,18,1,38,0
0,19,4,14,0
0,20,4,17,0
0,21,1,30,0
0,22,2,16,0
0,23,1,7,0
0,24,4,16,0
0,25,2,44,0
0,26,1,41,0
0,27,3,23,0
0,28,1,31,0
0,29,2,49,0
0,30,2,35,0
0,31,3,13,0
0,32,3,34,0
0,33,4,27,0
0,34,1,18,0
0,35,1,1,0
0,36,0,33,0
0,37,2,28,0
0,38,3,7,0
0,39,1,6,0
0,40,3,15,0
0,41,3,30,0
0,42,4,33,0
0,43,4,39,0
0,44,0,48,0
0,45,1,32,0
0,46,4,46,0
0,47,0,20,0
0,48,2,1,0
0,49,3,36,0
1,0,2,22,0
1,1,3,24,0
1,2,1,40,0
1,3,3,46,0
1,4,4,26,0
1,5,3,3,1
1,6,2,15,0
1,7,0,17,0
1,8,1,16,0
1,9,4,3,1
1,10,2,47,1
1,11,2,3,1
1,12,1,26,1
1,13,0,13,1
1,14,1,11,0
1,15,2,43,1
1,16,1,5,0
1,17,2,39,1
1,18,1,39,1
1,19,4,15,1
1,20,4,18,1
1,21,1,30,0
1,22,2,17,1
1,23,1,8,1
1,24,4,16,0
1,25,2,45,1
1,26,1,42,1
1,27,3,23,0
1,28,1,31,0
1,29,2,0,1
1,30,2,36,1
1,31,3,14,1
1,32,3,34,0
1,33,4,28,1
1,34,1,19,1
1,35,1,2,1
1,36,0,34,1
1,37,2,29,1
1,38,3,8,1
1,39,1,6,0
1,40,3,15,0
1,41,3,31,1
1,42,4,34,1
1,43,4,40,1
1,44,0,49,1
1,45,1,33,1
1,46,4,47,1
1,47,0,20,0
1,48,2,1,0
1,49,3,37,1
2,0,2,23,1
2,1,3,25,1
2,2,1,40,0
2,3,3,47,1
2,4,4,27,1
2,5,3,5,2
2,6,2,16,1
2,7,0,18,1
2,8,1,17,1
2,9,4,5,2
2,10,2,49,2
2,11,2,5,2
2,12,1,28,2
2,13,0,15,2
2,14,1,12,1
2,15,2,44,1
2,16,1,5,0
2,17,2,41,2
2,18,1,39,0
2,19,4,15,0
2,20,4,19,1
2,21,1,30,0
2,22,2,19,2
2,23,1,10,2
2,24,4,16,0
2,25,2,46,1
2,26,1,44,2
2,27,3,23,0
2,28,1,32,1
2,29,2,0,0
2,30,2,38,2
2,31,2,14,0
2,32,3,35,1
2,33,4,30,2
2,34,1,21,2
2,35,1,4,2
2,36,0,36,2
2,37,2,31,2
2,38,3,10,2
2,39,1,6,0
2,40,3,16,1
2,41,3,33,2
2,42,4,36,2
2,43,4,42,2
2,44,0,1,2
2,45,1,34,1
2,46,4,49,2
2,47,0,21,1
2,48,2,2,1
2,49,3,39,2
3,0,2,25,2
3,1,3,26,1
3,2,1,41,1
3,3,3,49,2
3,4,4,29,2
3,5,3,8,3
3,6,2,18,2
3,7,0,20,2
3,8,1,18,1
3,9,4,8,3
3,10,2,49,0
3,11,2,7,2
3,12,1,29,1
3,13,0,17,2
3,14,1,14,2
3,15,2,44,0
3,16,1,5,0
3,17,2,43,2
3,18,1,39,0
3,19,4,15,0
3,20,4,21,2
3,21,1,30,0
3,22,2,22,3
3,23,1,11,1
3,24,4,17,1
3,25,2,48,2
3,26,1,47,3
3,27,3,24,1
3,28,1,33,1
3,29,2,1,1
3,30,2,40,2
3,31,2,15,1
3,32,3,37,2
3,33,4,33,3
3,34,1,24,3
3,35,1,4,0
3,36,0,39,3
3,37,2,34,3
3,38,3,13,3
3,39,1,7,1
3,40,3,18,2
3,41,3,34,1
3,42,4,39,3
3,43,4,45,3
3,44,0,4,3
3,45,1,36,2
3,46,4,2,3
3,47,0,23,2
3,48,2,3,1
3,49,3,42,3
4,0,2,28,3
4,1,3,28,2
4,2,1,43,2
4,3,3,2,3
4,4,4,32,3
4,5,3,12,4
4,6,2,21,3
4,7,0,22,2
4,8,1,20,2
4,9,4,12,4
4,10,2,0,1
4,11,2,10,3
4,12,1,29,0
4,13,0,19,2
4,14,1,17,3
4,15,2,45,1
4,16,1,5,0
4,17,2,43,0
4,18,1,40,1
4,19,4,16,1
4,20,4,24,3
4,21,1,31,1
4,22,2,24,2
4,23,1,12,1
4,24,4,19,2
4,25,2,48,0
4,26,1,1,4
4,27,3,25,1
4,28,1,35,2
4,29,2,2,1
4,30,2,41,1
4,31,2,17,2
4,32,3,40,3
4,33,4,37,4
4,34,1,28,4
4,35,1,4,0
4,36,0,43,4
4,37,2,38,4
4,38,3,17,4
4,39,1,9,2
4,40,3,21,3
4,41,3,36,2
4,42,4,43,4
4,43,4,49,4
4,44,0,8,4
4,45,1,38,2
4,46,4,6,4
4,47,0,26,3
4,48,2,5,2
4,49,3,46,4
5,0,2,32,4
5,1,3,31,3
5,2,1,46,3
5,3,3,6,4
5,4,4,36,4
5,5,3,16,4
5,6,2,23,2
5,7,0,25,3
5,8,1,23,3
5,9,4,14,2
5,10,2,1,1
5,11,2,14,4
5,12,1,30,1
5,13,0,21,2
5,14,1,19,2
5,15,2,47,2
5,16,1,5,0
5,17,2,44,1
5,18,1,42,2
5,19,4,18,2
5,20,4,28,4
5,21,1,33,2
5,22,2,27,3
5,23,1,14,2
5,24,4,22,3
5,25,2,49,1
5,26,1,3,2
5,27,3,27,2
5,28,1,37,2
5,29,2,4,2
5,30,2,42,1
5,31,2,20,3
5,32,3,44,4
5,33,4,42,5
5,34,1,28,0
5,35,1,4,0
5,36,0,48,5
5,37,2,39,1
5,38,3,20,3
5,39,1,11,2
5,40,3,23,2
5,41,3,39,3
5,42,4,48,5
5,43,4,4,5
5,44,0,13,5
5,45,1,39,1
5,46,4,11,5
5,47,0,30,4
5,48,2,7,2
5,49,3,1,5
6,0,2,37,5
6,1,3,35,4
6,2,1,49,3
6,3,3,11,5
6,4,4,41,5
6,5,3,19,3
6,6,2,26,3
6,7,0,29,4
6,8,1,27,4
6,9,4,17,3
6,10,2,3,2
6,11,2,19,5
6,12,1,32,2
6,13,0,24,3
6,14,1,21,2
6,15,2,48,1
6,16,1,6,1
6,17,2,46,2
6,18,0,45,3
6,19,4,21,3
6,20,4,33,5
6,21,1,36,3
6,22,2,31,4
6,23,1,16,2
6,24,4,26,4
6,25,2,0,1
6,26,1,3,0
6,27,3,30,3
6,28,1,38,1
6,29,2,6,2
6,30,2,43,1
6,31,2,22,2
6,32,3,49,5
6,33,4,47,5
6,34,1,29,1
6,35,1,4,0
6,36,0,4,6
6,37,2,41,2
6,38,3,22,2
6,39,1,13,2
6,40,3,26,3
6,41,3,43,4
6,42,4,3,5
6,43,4,10,6
6,44,0,19,6
6,45,1,40,1
6,46,4,12,1
6,47,0,35,5
6,48,2,10,3
6,49,3,5,4
7,0,2,40,3
7,1,3,40,5
7,2,1,2,3
7,3,3,17,6
7,4,4,46,5
7,5,3,21,2
7,6,2,30,4
7,7,0,33,4
7,8,1,28,1
7,9,4,20,3
7,10,2,4,1
7,11,2,21,2
7,12,1,35,3
7,13,0,28,4
7,14,1,24,3
7,15,2,49,1
7,16,1,8,2
7,17,2,47,1
7,18,0,49,4
7,19,4,25,4
7,20,4,39,6
7,21,1,37,1
7,22,2,36,5
7,23,1,19,3
7,24,4,31,5
7,25,2,2,2
7,26,1,3,0
7,27,3,34,4
7,28,1,39,1
7,29,2,9,3
7,30,2,45,2
7,31,2,25,3
7,32,3,4,5
7,33,4,2,5
7,34,1,31,2
7,35,1,5,1
7,36,0,11,7
7,37,2,42,1
7,38,3,25,3
7,39,1,15,2
7,40,3,29,3
7,41,3,48,5
7,42,4,9,6
7,43,4,11,1
7,44,0,22,3
7,45,1,42,2
7,46,4,14,2
7,47,0,41,6
7,48,2,14,4
7,49,3,10,5
8,0,2,40,0
8,1,3,46,6
8,2,1,2,0
8,3,3,20,3
8,4,4,1,5
8,5,3,24,3
8,6,2,35,5
8,7,0,38,5
8,8,1,30,2
8,9,4,24,4
8,10,2,6,2
8,11,2,24,3
8,12,1,36,1
8,13,0,32,4
8,14,1,26,2
8,15,2,1,2
8,16,1,11,3
8,17,2,47,0
8,18,0,4,5
8,19,4,30,5
8,20,4,45,6
8,21,1,38,1
8,22,2,38,2
8,23,1,23,4
8,24,4,37,6
8,25,2,3,1
8,26,1,4,1
8,27,3,39,5
8,28,1,41,2
8,29,2,13,4
8,30,2,46,1
8,31,2,29,4
8,32,3,9,5
8,33,4,8,6
8,34,1,34,3
8,35,1,7,2
8,36,0,19,8
8,37,2,43,1
8,38,3,28,3
8,39,1,18,3
8,40,3,32,3
8,41,3,3,5
8,42,4,10,1
8,43,4,12,1
8,44,0,26,4
8,45,1,45,3
8,46,4,17,3
8,47,0,48,7
8,48,2,19,5
8,49,3,16,6
9,0,2,41,1
9,1,3,2,6
9,2,1,3,1
9,3,3,23,3
9,4,4,6,5
9,5,3,27,3
9,6,2,37,2
9,7,0,44,6
9,8,1,33,3
9,9,4,29,5
9,10,2,9,3
9,11,2,28,4
9,12,1,36,0
9,13,0,37,5
9,14,1,29,3
9,15,2,2,1
9,16,1,15,4
9,17,2,48,1
9,18,0,10,6
9,19,4,36,6
9,20,4,0,5
9,21,1,40,2
9,22,2,39,1
9,23,1,25,2
9,24,4,44,7
9,25,2,5,2
9,26,1,5,1
9,27,3,45,6
9,28,1,44,3
9,29,2,18,5
9,30,2,46,0
9,31,2,34,5
9,32,3,15,6
9,33,4,9,1
9,34,1,35,1
9,35,1,9,2
9,36,0,25,6
9,37,2,45,2
9,38,3,31,3
9,39,1,22,4
9,40,3,36,4
9,41,3,8,5
9,42,4,11,1
9,43,4,14,2
9,44,0,30,4
9,45,1,49,4
9,46,4,21,4
9,47,0,3,5
9,48,2,23,4
9,49,3,19,3
10,0,2,43,2
10,1,3,7,5
10,2,1,3,0
10,3,3,26,3
10,4,4,8,2
10,5,3,30,3
10,6,2,37,0
10,7,0,1,7
10,8,1,34,1
10,9,4,35,6
10,10,2,13,4
10,11,2,33,5
10,12,1,37,1
10,13,0,43,6
10,14,1,32,3
10,15,2,4,2
10,16,1,20,5
10,17,2,0,2
10,18,0,17,7
10,19,4,43,7
10,20,4,5,5
10,21,1,43,3
10,22,2,40,1
10,23,1,28,3
10,24,4,49,5
10,25,2,8,3
10,26,1,6,1
10,27,3,1,6
10,28,1,48,4
10,29,2,22,4
10,30,2,47,1
10,31,2,35,1
10,32,3,18,3
10,33,4,10,1
10,34,1,35,0
10,35,1,12,3
10,36,0,29,4
10,37,2,45,0
10,38,3,35,4
10,39,1,24,2
10,40,3,41,5
10,41,3,14,6
10,42,4,13,2
10,43,4,17,3
10,44,0,34,4
10,45,1,2,3
10,46,4,26,5
10,47,0,9,6
10,48,2,27,4
10,49,3,22,3
11,0,2,44,1
11,1,3,13,6
11,2,1,4,1
11,3,3,28,2
11,4,4,9,1
11,5,3,34,4
11,6,2,38,1
11,7,0,8,7
11,8,1,34,0
11,9,4,42,7
11,10,2,18,5
11,11,2,34,1
11,12,1,38,1
11,13,0,0,7
11,14,1,33,1
11,15,2,7,3
11,16,1,23,3
11,17,2,3,3
11,18,0,25,8
11,19,4,48,5
11,20,4,7,2
11,21,1,47,4
11,22,2,42,2
11,23,1,31,3
11,24,4,4,5
11,25,2,12,4
11,26,1,8,2
11,27,3,5,4
11,28,1,1,3
11,29,2,26,4
11,30,2,49,2
11,31,2,36,1
11,32,3,21,3
11,33,4,12,2
11,34,1,36,1
11,35,1,16,4
11,36,0,33,4
11,37,2,46,1
11,38,3,40,5
11,39,1,27,3
11,40,3,47,6
11,41,3,17,3
11,42,4,16,3
11,43,4,21,4
11,44,0,39,5
11,45,1,2,0
11,46,4,32,6
11,47,0,15,6
11,48,2,31,4
11,49,3,25,3
12,0,2,45,1
12,1,3,16,3
12,2,1,6,2
12,3,3,31,3
12,4,4,11,2
12,5,3,39,5
12,6,2,40,2
12,7,0,14,6
12,8,1,35,1
12,9,4,47,5
12,10,2,24,6
12,11,2,35,1
12,12,1,40,2
12,13,0,7,7
12,14,1,33,0
12,15,2,11,4
12,16,1,26,3
12,17,2,6,3
12,18,0,32,7
12,19,4,3,5
12,20,4,8,1
12,21,1,0,3
12,22,2,43,1
12,23,1,32,1
12,24,4,5,1
12,25,2,17,5
12,26,1,11,3
12,27,3,10,5
12,28,1,1,0
12,29,2,30,4
12,30,2,1,2
12,31,2,37,1
12,32,3,24,3
12,33,4,15,3
12,34,1,37,1
12,35,1,21,5
12,36,0,38,5
12,37,2,48,2
12,38,3,46,6
12,39,1,30,3
12,40,3,4,7
12,41,3,20,3
12,42,4,20,4
12,43,4,26,5
12,44,0,45,6
12,45,1,3,1
12,46,4,39,7
12,47,0,22,7
12,48,2,32,1
12,49,3,27,2
13,0,2,46,1
13,1,3,19,3
13,2,1,9,3
13,3,3,35,4
13,4,4,14,3
13,5,3,45,6
13,6,2,42,2
13,7,0,21,7
13,8,1,36,1
13,9,4,2,5
13,10,2,29,5
13,11,2,36,1
13,12,1,42,2
13,13,0,13,6
13,14,1,33,0
13,15,2,16,5
13,16,1,29,3
13,17,2,10,4
13,18,0,37,5
13,19,4,4,1
13,20,4,10,2
13,21,1,0,0
13,22,2,44,1
13,23,1,32,0
13,24,4,7,2
13,25,2,23,6
13,26,1,15,4
13,27,3,15,5
13,28,1,2,1
13,29,2,31,1
13,30,2,4,3
13,31,2,39,2
13,32,3,26,2
13,33,4,19,4
13,34,1,39,2
13,35,1,25,4
13,36,0,44,6
13,37,2,0,2
13,38,3,3,7
13,39,1,31,1
13,40,3,9,5
13,41,3,23,3
13,42,4,25,5
13,43,4,32,6
13,44,0,2,7
13,45,1,5,2
13,46,4,46,7
13,47,0,30,8
13,48,2,34,2
13,49,3,29,2
14,0,2,48,2
14,1,3,21,2
14,2,1,13,4
14,3,3,39,4
14,4,4,18,4
14,5,3,2,7
14,6,2,43,1
14,7,0,29,8
14,8,1,38,2
14,9,4,2,0
14,10,2,29,0
14,11,2,38,2
14,12,1,45,3
14,13,0,20,7
14,14,1,34,1
14,15,2,22,6
14,16,1,30,1
14,17,2,15,5
14,18,0,43,6
14,19,4,6,2
14,20,4,12,2
14,21,1,1,1
14,22,2,45,1
14,23,1,32,0
14,24,4,9,2
14,25,2,28,5
14,26,1,19,4
14,27,3,18,3
14,28,1,4,2
14,29,2,33,2
14,30,2,8,4
14,31,2,41,2
14,32,3,28,2
14,33,4,24,5
14,34,1,41,2
14,35,1,28,3
14,36,0,1,7
14,37,2,3,3
14,38,3,8,5
14,39,1,31,0
14,40,3,14,5
14,41,3,25,2
14,42,4,31,6
14,43,4,39,7
14,44,0,10,8
14,45,1,8,3
14,46,4,1,5
14,47,0,36,6
14,48,2,35,1
14,49,3,32,3
15,0,2,1,3
15,1,3,24,3
15,2,1,18,5
15,3,3,44,5
15,4,4,23,5
15,5,3,7,5
15,6,2,44,1
15,7,0,35,6
15,8,1,40,2
15,9,4,2,0
15,10,2,30,1
15,11,2,40,2
15,12,1,49,4
15,13,0,28,8
15,14,1,36,2
15,15,2,27,5
15,16,1,30,0
15,17,2,21,6
15,18,0,0,7
15,19,4,8,2
15,20,4,14,2
15,21,1,3,2
15,22,2,47,2
15,23,1,33,1
15,24,4,11,2
15,25,2,28,0
15,26,1,24,5
15,27,3,20,2
15,28,1,6,2
15,29,2,34,1
15,30,2,13,5
15,31,2,42,1
15,32,3,31,3
15,33,4,30,6
15,34,1,44,3
15,35,1,29,1
15,36,0,9,8
15,37,2,7,4
15,38,3,13,5
15,39,1,31,0
15,40,3,16,2
15,41,3,27,2
15,42,4,38,7
15,43,4,47,8
15,44,0,19,9
15,45,1,12,4
15,46,4,1,0
15,47,0,42,6
15,48,2,37,2
15,49,3,36,4
16,0,2,5,4
16,1,3,26,2
16,2,1,23,5
16,3,3,49,5
16,4,4,29,6
16,5,3,12,5
16,6,2,46,2
16,7,0,41,6
16,8,1,43,3
16,9,4,3,1
16,10,2,31,1
16,11,2,41,1
16,12,1,1,2
16,13,0,34,6
16,14,1,39,3
16,15,2,27,0
16,16,1,30,0
16,17,2,26,5
16,18,0,8,8
16,19,4,10,2
16,20,4,17,3
16,21,1,5,2
16,22,2,0,3
16,23,1,35,2
16,24,4,13,2
16,25,2,29,1
16,26,1,27,3
16,27,3,23,3
16,28,1,9,3
16,29,2,36,2
16,30,2,19,6
16,31,2,42,0
16,32,3,35,4
16,33,4,37,7
16,34,1,47,3
16,35,1,29,0
16,36,0,17,8
16,37,2,11,4
16,38,3,15,2
16,39,1,32,1
16,40,3,19,3
16,41,3,30,3
16,42,4,46,8
16,43,4,0,3
16,44,0,27,8
16,45,1,17,5
16,46,4,1,0
16,47,0,49,7
16,48,2,39,2
16,49,3,41,5
17,0,2,10,5
17,1,3,29,3
17,2,1,26,3
17,3,3,5,6
17,4,4,36,7
17,5,3,14,2
17,6,2,49,3
17,7,0,47,6
17,8,1,46,3
17,9,4,5,2
17,10,2,33,2
17,11,2,41,0
17,12,1,3,2
17,13,0,40,6
17,14,1,42,3
17,15,2,28,1
17,16,1,31,1
17,17,2,26,0
17,18,0,16,8
17,19,4,12,2
17,20,4,21,4
17,21,1,8,3
17,22,2,3,3
17,23,1,38,3
17,24,4,16,3
17,25,2,30,1
17,26,1,28,1
17,27,3,25,2
17,28,1,13,4
17,29,2,38,2
17,30,2,25,6
17,31,2,43,1
17,32,3,40,5
17,33,4,45,8
17,34,1,0,3
17,35,1,29,0
17,36,0,25,8
17,37,2,16,5
17,38,3,18,3
17,39,1,34,2
17,40,3,22,3
17,41,3,34,4
17,42,4,49,3
17,43,4,0,0
17,44,0,33,6
17,45,1,22,5
17,46,4,2,1
17,47,0,7,8
17,48,2,40,1
17,49,3,47,6
18,0,2,15,5
18,1,3,33,4
18,2,1,27,1
18,3,3,12,7
18,4,4,44,8
18,5,3,16,2
18,6,2,2,3
18,7,0,4,7
18,8,1,48,2
18,9,4,8,3
18,10,2,35,2
18,11,2,42,1
18,12,1,6,3
18,13,0,46,6
18,14,1,45,3
18,15,2,29,1
18,16,1,33,2
18,17,2,27,1
18,18,0,24,8
18,19,4,15,3
18,20,4,25,4
18,21,1,12,4
18,22,2,7,4
18,23,1,41,3
18,24,4,20,4
18,25,2,32,2
18,26,1,28,0
18,27,3,28,3
18,28,1,18,5
18,29,2,39,1
18,30,2,25,0
18,31,2,45,2
18,32,3,46,6
18,33,4,48,3
18,34,1,2,2
18,35,1,29,0
18,36,0,32,7
18,37,2,22,6
18,38,3,21,3
18,39,1,37,3
18,40,3,24,2
18,41,3,39,5
18,42,4,49,0
18,43,4,0,0
18,44,0,39,6
18,45,1,25,3
18,46,4,4,2
18,47,0,15,8
18,48,2,40,0
18,49,3,4,7
19,0,2,21,6
19,1,3,38,5
19,2,1,27,0
19,3,3,15,3
19,4,4,47,3
19,5,3,19,3
19,6,2,6,4
19,7,0,12,8
19,8,1,1,3
19,9,4,12,4
19,10,2,38,3
19,11,2,44,2
19,12,1,10,4
19,13,0,3,7
19,14,1,47,2
19,15,2,31,2
19,16,1,36,3
19,17,2,27,0
19,18,0,31,7
19,19,4,19,4
19,20,4,30,5
19,21,1,17,5
19,22,2,12,5
19,23,1,44,3
19,24,4,24,4
19,25,2,34,2
19,26,1,28,0
19,27,3,32,4
19,28,1,24,6
19,29,2,39,0
19,30,2,26,1
19,31,2,47,2
19,32,3,3,7
19,33,4,48,0
19,34,1,4,2
19,35,1,30,1
19,36,0,38,6
19,37,2,24,2
19,38,3,23,2
19,39,1,40,3
19,40,3,27,3
19,41,3,45,6
19,42,4,49,0
19,43,4,1,1
19,44,0,45,6
19,45,1,26,1
19,46,4,7,3
19,47,0,23,8
19,48,2,41,1
19,49,3,11,7
20,0,2,23,2
20,1,3,44,6
20,2,1,27,0
20,3,3,18,3
20,4,4,47,0
20,5,3,22,3
20,6,2,11,5
20,7,0,21,9
20,8,1,3,2
20,9,4,17,5
20,10,2,38,0
20,11,2,46,2
20,12,1,15,5
20,13,0,10,7
20,14,1,0,3
20,15,2,32,1
20,16,1,39,3
20,17,2,28,1
20,18,0,37,6
20,19,4,23,4
20,20,4,36,6
20,21,1,23,6
20,22,2,18,6
20,23,1,46,2
20,24,4,29,5
20,25,2,36,2
20,26,1,29,1
20,27,3,37,5
20,28,1,25,1
20,29,2,40,1
20,30,2,26,0
20,31,2,0,3
20,32,3,9,6
20,33,4,48,0
20,34,1,7,3
20,35,1,32,2
20,36,0,44,6
20,37,2,25,1
20,38,3,26,3
20,39,1,43,3
20,40,3,31,4
20,41,3,2,7
20,42,4,0,1
20,43,4,3,2
20,44,0,2,7
20,45,1,26,0
20,46,4,11,4
20,47,0,29,6
20,48,2,43,2
20,49,3,14,3
21,0,2,24,1
21,1,3,1,7
21,2,1,28,1
21,3,3,21,3
21,4,4,47,0
21,5,3,25,3
21,6,2,17,6
21,7,0,28,7
21,8,1,6,3
21,9,4,22,5
21,10,2,39,1
21,11,2,49,3
21,12,1,21,6
21,13,0,18,8
21,14,1,2,2
21,15,2,34,2
21,16,1,42,3
21,17,2,30,2
21,18,0,43,6
21,19,4,27,4
21,20,4,43,7
21,21,1,24,1
21,22,2,22,4
21,23,1,48,2
21,24,4,35,6
21,25,2,37,1
21,26,1,31,2
21,27,3,43,6
21,28,1,25,0
21,29,2,42,2
21,30,2,27,1
21,31,2,3,3
21,32,3,13,4
21,33,4,48,0
21,34,1,11,4
21,35,1,35,3
21,36,0,1,7
21,37,2,25,0
21,38,3,30,4
21,39,1,45,2
21,40,3,36,5
21,41,3,8,6
21,42,4,2,2
21,43,4,6,3
21,44,0,9,7
21,45,1,26,0
21,46,4,16,5
21,47,0,36,7
21,48,2,45,2
21,49,3,17,3
22,0,2,24,0
22,1,3,6,5
22,2,1,30,2
22,3,3,24,3
22,4,4,47,0
22,5,3,29,4
22,6,2,21,4
22,7,0,35,7
22,8,1,10,4
22,9,4,25,3
22,10,2,41,2
22,11,2,2,3
22,12,1,23,2
22,13,0,27,9
22,14,1,5,3
22,15,2,36,2
22,16,1,44,2
22,17,2,33,3
22,18,0,0,7
22,19,4,32,5
22,20,4,46,3
22,21,1,24,0
22,22,2,23,1
22,23,1,1,3
22,24,4,41,6
22,25,2,38,1
22,26,1,34,3
22,27,3,0,7
22,28,1,25,0
22,29,2,44,2
22,30,2,29,2
22,31,2,7,4
22,32,3,15,2
22,33,4,48,0
22,34,1,16,5
22,35,1,39,4
22,36,0,8,7
22,37,2,26,1
22,38,3,35,5
22,39,1,46,1
22,40,3,42,6
22,41,3,11,3
22,42,4,5,3
22,43,4,10,4
22,44,0,17,8
22,45,1,27,1
22,46,4,21,5
22,47,0,42,6
22,48,2,48,3
22,49,3,20,3
23,0,2,25,1
23,1,3,10,4
23,2,1,33,3
23,3,3,28,4
23,4,4,47,0
23,5,3,34,5
23,6,2,22,1
23,7,0,41,6
23,8,1,14,4
23,9,4,29,4
23,10,2,43,2
23,11,2,6,4
23,12,1,23,0
23,13,0,34,7
23,14,1,9,4
23,15,2,37,1
23,16,1,45,1
23,17,2,35,2
23,18,0,7,7
23,19,4,38,6
23,20,4,46,0
23,21,1,24,0
23,22,2,23,0
23,23,1,4,3
23,24,4,45,4
23,25,2,39,1
23,26,1,37,3
23,27,3,5,5
23,28,1,26,1
23,29,2,47,3
23,30,2,32,3
23,31,2,12,5
23,32,3,17,2
23,33,4,49,1
23,34,1,22,6
23,35,1,43,4
23,36,0,16,8
23,37,2,28,2
23,38,3,40,5
23,39,1,48,2
23,40,3,49,7
23,41,3,14,3
23,42,4,9,4
23,43,4,15,5
23,44,0,26,9
23,45,1,29,2
23,46,4,24,3
23,47,0,49,7
23,48,2,1,3
23,49,3,23,3
24,0,2,27,2
24,1,3,13,3
24,2,1,36,3
24,3,3,33,5
24,4,4,48,1
24,5,3,39,5
24,6,2,22,0
24,7,0,48,7
24,8,1,19,5
24,9,4,34,5
24,10,2,46,3
24,11,2,11,5
24,12,1,23,0
24,13,0,40,6
24,14,1,13,4
24,15,2,38,1
24,16,1,47,2
24,17,2,36,1
24,18,0,15,8
24,19,4,44,6
24,20,4,46,0
24,21,1,25,1
24,22,2,24,1
24,23,1,8,4
24,24,4,45,0
24,25,2,41,2
24,26,1,41,4
24,27,3,9,4
24,28,1,28,2
24,29,2,0,3
24,30,2,34,2
24,31,2,18,6
24,32,3,20,3
24,33,4,1,2
24,34,1,22,0
24,35,1,44,1
24,36,0,25,9
24,37,2,30,2
24,38,3,46,6
24,39,1,1,3
24,40,3,4,5
24,41,3,15,1
24,42,4,14,5
24,43,4,20,5
24,44,0,33,7
24,45,1,32,3
24,46,4,28,4
24,47,0,6,7
24,48,2,4,3
24,49,3,27,4
25,0,2,29,2
25,1,3,14,1
25,2,1,39,3
25,3,3,38,5
25,4,4,0,2
25,5,3,45,6
25,6,2,23,1
25,7,0,5,7
25,8,1,21,2
25,9,4,40,6
25,10,2,49,3
25,11,2,17,6
25,12,1,24,1
25,13,0,47,7
25,14,1,18,5
25,15,2,40,2
25,16,1,0,3
25,17,2,37,1
25,18,0,24,9
25,19,4,44,0
25,20,4,47,1
25,21,1,26,1
25,22,2,26,2
25,23,1,12,4
25,24,4,45,0
25,25,2,44,3
25,26,1,43,2
25,27,3,12,3
25,28,1,31,3
25,29,2,3,3
25,30,2,35,1
25,31,2,21,3
25,32,3,23,3
25,33,4,4,3
25,34,1,22,0
25,35,1,46,2
25,36,0,32,7
25,37,2,33,3
25,38,3,3,7
25,39,1,5,4
25,40,3,8,4
25,41,3,17,2
25,42,4,19,5
25,43,4,26,6
25,44,0,39,6
25,45,1,35,3
25,46,4,33,5
25,47,0,14,8
25,48,2,8,4
25,49,3,32,5
26,0,2,32,3
26,1,3,16,2
26,2,1,42,3
26,3,3,43,5
26,4,4,3,3
26,5,3,1,6
26,6,2,25,2
26,7,0,13,8
26,8,1,21,0
26,9,4,43,3
26,10,2,2,3
26,11,2,20,3
26,12,1,25,1
26,13,0,4,7
26,14,1,20,2
26,15,2,42,2
26,16,1,3,3
26,17,2,39,2
26,18,0,31,7
26,19,4,44,0
26,20,4,49,2
26,21,1,28,2
26,22,2,28,2
26,23,1,17,5
26,24,4,46,1
26,25,2,48,4
26,26,1,45,2
26,27,3,13,1
26,28,1,33,2
26,29,2,7,4
26,30,2,36,1
26,31,2,22,1
26,32,3,27,4
26,33,4,8,4
26,34,1,23,1
26,35,1,49,3
26,36,0,38,6
26,37,2,34,1
26,38,3,7,4
26,39,1,10,5
26,40,3,11,3
26,41,3,20,3
26,42,4,25,6
26,43,4,32,6
26,44,0,46,7
26,45,1,38,3
26,46,4,39,6
26,47,0,23,9
26,48,2,13,5
26,49,3,37,5
27,0,2,33,1
27,1,3,19,3
27,2,1,43,1
27,3,3,49,6
27,4,4,7,4
27,5,3,6,5
27,6,2,27,2
27,7,0,22,9
27,8,1,22,1
27,9,4,43,0
27,10,2,6,4
27,11,2,21,1
27,12,1,26,1
27,13,0,11,7
27,14,1,20,0
27,15,2,45,3
27,16,1,7,4
27,17,2,40,1
27,18,0,37,6
27,19,4,45,1
27,20,4,2,3
27,21,1,31,3
27,22,2,31,3
27,23,1,19,2
27,24,4,48,2
27,25,2,1,3
27,26,1,47,2
27,27,3,15,2
27,28,1,36,3
27,29,2,12,5
27,30,2,38,2
27,31,2,23,1
27,32,3,32,5
27,33,4,13,5
27,34,1,24,1
27,35,1,2,3
27,36,0,45,7
27,37,2,35,1
27,38,3,10,3
27,39,1,16,6
27,40,3,12,1
27,41,3,23,3
27,42,4,31,6
27,43,4,38,6
27,44,0,2,6
27,45,1,41,3
27,46,4,42,3
27,47,0,30,7
27,48,2,18,5
27,49,3,42,5
28,0,2,33,0
28,1,3,22,3
28,2,1,45,2
28,3,3,5,6
28,4,4,12,5
28,5,3,9,3
28,6,2,30,3
28,7,0,29,7
28,8,1,23,1
28,9,4,44,1
28,10,2,11,5
28,11,2,22,1
28,12,1,27,1
28,13,0,18,7
28,14,1,21,1
28,15,2,49,4
28,16,1,12,5
28,17,2,42,2
28,18,0,44,7
28,19,4,47,2
28,20,4,5,3
28,21,1,35,4
28,22,2,32,1
28,23,1,19,0
28,24,4,1,3
28,25,2,5,4
28,26,1,0,3
28,27,3,18,3
28,28,1,40,4
28,29,2,17,5
28,30,2,39,1
28,31,2,25,2
28,32,3,38,6
28,33,4,19,6
28,34,1,25,1
28,35,1,6,4
28,36,0,1,6
28,37,2,37,2
28,38,3,11,1
28,39,1,18,2
28,40,3,14,2
28,41,3,27,4
28,42,4,37,6
28,43,4,41,3
28,44,0,9,7
28,45,1,42,1
28,46,4,42,0
28,47,0,35,5
28,48,2,20,2
28,49,3,47,5
29,0,2,34,1
29,1,3,26,4
29,2,1,48,3
29,3,3,8,3
29,4,4,18,6
29,5,3,10,1
29,6,2,30,0
29,7,0,34,5
29,8,1,24,1
29,9,4,46,2
29,10,2,16,5
29,11,2,24,2
29,12,1,29,2
29,13,0,26,8
29,14,1,22,1
29,15,2,3,4
29,16,1,16,4
29,17,2,45,3
29,18,0,0,6
29,19,4,0,3
29,20,4,9,4
29,21,1,38,3
29,22,2,32,0
29,23,1,20,1
29,24,4,4,3
29,25,2,10,5
29,26,1,4,4
29,27,3,21,3
29,28,1,41,1
29,29,2,19,2
29,30,2,41,2
29,31,2,27,2
29,32,3,45,7
29,33,4,26,7
29,34,1,26,1
29,35,1,11,5
29,36,0,7,6
29,37,2,38,1
29,38,3,13,2
29,39,1,18,0
29,40,3,17,3
29,41,3,32,5
29,42,4,40,3
29,43,4,41,0
29,44,0,17,8
29,45,1,44,2
29,46,4,43,1
29,47,0,41,6
29,48,2,21,1
29,49,3,2,5
30,0,2,36,2
30,1,3,30,4
30,2,1,2,4
30,3,3,9,1
30,4,4,25,7
30,5,3,12,2
30,6,2,31,1
30,7,0,40,6
30,8,1,25,1
30,9,4,49,3
30,10,2,18,2
30,11,2,25,1
30,12,1,32,3
30,13,0,33,7
30,14,1,23,1
30,15,2,7,4
30,16,1,16,0
30,17,2,48,3
30,18,0,6,6
30,19,4,3,3
30,20,4,14,5
30,21,1,40,2
30,22,2,33,1
30,23,1,21,1
30,24,4,7,3
30,25,2,15,5
30,26,1,9,5
30,27,3,25,4
30,28,1,43,2
30,29,2,20,1
30,30,2,44,3
30,31,2,29,2
30,32,3,1,6
30,33,4,34,8
30,34,1,28,2
30,35,1,15,4
30,36,0,14,7
30,37,2,40,2
30,38,3,16,3
30,39,1,19,1
30,40,3,20,3
30,41,3,38,6
30,42,4,40,0
30,43,4,42,1
30,44,0,25,8
30,45,1,47,3
30,46,4,44,1
30,47,0,48,7
30,48,2,22,1
30,49,3,7,5
31,0,2,38,2
31,1,3,35,5
31,2,1,7,5
31,3,3,11,2
31,4,4,33,8
31,5,3,15,3
31,6,2,32,1
31,7,0,47,7
31,8,1,27,2
31,9,4,2,3
31,10,2,19,1
31,11,2,26,1
31,12,1,36,4
31,13,0,39,6
31,14,1,24,1
31,15,2,12,5
31,16,1,16,0
31,17,2,2,4
31,18,0,13,7
31,19,4,6,3
31,20,4,20,6
31,21,1,42,2
31,22,2,35,2
31,23,1,22,1
31,24,4,11,4
31,25,2,17,2
31,26,1,14,5
31,27,3,29,4
31,28,1,46,3
31,29,2,21,1
31,30,2,47,3
31,31,2,30,1
31,32,3,6,5
31,33,4,39,5
31,34,1,31,3
31,35,1,15,0
31,36,0,22,8
31,37,2,43,3
31,38,3,19,3
31,39,1,19,0
31,40,3,24,4
31,41,3,45,7
31,42,4,41,1
31,43,4,43,1
31,44,0,31,6
31,45,1,1,4
31,46,4,46,2
31,47,0,4,6
31,48,2,24,2
31,49,3,8,1
32,0,2,41,3
32,1,3,41,6
32,2,1,13,6
32,3,3,14,3
32,4,4,38,5
32,5,3,18,3
32,6,2,34,2
32,7,0,3,6
32,8,1,30,3
32,9,4,5,3
32,10,2,20,1
32,11,2,28,2
32,12,1,41,5
32,13,0,46,7
32,14,1,26,2
32,15,2,16,4
32,16,1,17,1
32,17,2,7,5
32,18,0,21,8
32,19,4,10,4
32,20,4,27,7
32,21,1,45,3
32,22,2,37,2
32,23,1,23,1
32,24,4,15,4
32,25,2,18,1
32,26,1,14,0
32,27,3,34,5
32,28,1,0,4
32,29,2,23,2
32,30,2,1,4
32,31,2,31,1
32,32,3,7,1
32,33,4,40,1
32,34,1,34,3
32,35,1,15,0
32,36,0,30,8
32,37,2,46,3
32,38,3,23,4
32,39,1,20,1
32,40,3,28,4
32,41,3,3,8
32,42,4,41,0
32,43,4,45,2
32,44,0,38,7
32,45,1,6,5
32,46,4,49,3
32,47,0,10,6
32,48,2,25,1
32,49,3,10,2
33,0,2,45,4
33,1,3,48,7
33,2,1,13,0
33,3,3,16,2
33,4,4,38,0
33,5,3,22,4
33,6,2,36,2
33,7,0,9,6
33,8,1,33,3
33,9,4,9,4
33,10,2,21,1
33,11,2,29,1
33,12,1,44,3
33,13,0,2,6
33,14,1,29,3
33,15,2,17,1
33,16,1,19,2
33,17,2,13,6
33,18,0,29,8
33,19,4,14,4
33,20,4,35,8
33,21,1,49,4
33,22,2,40,3
33,23,1,25,2
33,24,4,20,5
33,25,2,19,1
33,26,1,14,0
33,27,3,40,6
33,28,1,5,5
33,29,2,24,1
33,30,2,6,5
33,31,2,33,2
33,32,3,9,2
33,33,4,40,0
33,34,1,38,4
33,35,1,16,1
33,36,0,37,7
33,37,2,0,4
33,38,3,26,3
33,39,1,22,2
33,40,3,33,5
33,41,3,6,3
33,42,4,42,1
33,43,4,48,3
33,44,0,44,6
33,45,1,12,6
33,46,4,3,4
33,47,0,17,7
33,48,2,27,2
33,49,3,13,3
34,0,2,49,4
34,1,3,5,7
34,2,1,13,0
34,3,3,19,3
34,4,4,39,1
34,5,3,25,3
34,6,2,39,3
34,7,0,16,7
34,8,1,37,4
34,9,4,13,4
34,10,2,22,1
34,11,2,31,2
34,12,1,48,4
34,13,0,8,6
34,14,1,32,3
34,15,2,18,1
34,16,1,21,2
34,17,2,16,3
34,18,0,35,6
34,19,4,19,5
34,20,4,37,2
34,21,1,4,5
34,22,2,44,4
34,23,1,28,3
34,24,4,26,6
34,25,2,20,1
34,26,1,15,1
34,27,3,47,7
34,28,1,11,6
34,29,2,25,1
34,30,2,12,6
34,31,2,35,2
34,32,3,12,3
34,33,4,41,1
34,34,1,43,5
34,35,1,18,2
34,36,0,43,6
34,37,2,5,5
34,38,3,30,4
34,39,1,24,2
34,40,3,39,6
34,41,3,8,2
34,42,4,44,2
34,43,4,2,4
34,44,0,1,7
34,45,1,12,0
34,46,4,8,5
34,47,0,25,8
34,48,2,27,0
34,49,3,15,2
35,0,2,4,5
35,1,3,7,2
35,2,1,14,1
35,3,3,23,4
35,4,4,40,1
35,5,3,29,4
35,6,2,43,4
35,7,0,24,8
35,8,1,42,5
35,9,4,18,5
35,10,2,24,2
35,11,2,34,3
35,12,1,3,5
35,13,0,15,7
35,14,1,36,4
35,15,2,19,1
35,16,1,23,2
35,17,2,17,1
35,18,0,42,7
35,19,4,25,6
35,20,4,38,1
35,21,1,10,6
35,22,2,48,4
35,23,1,31,3
35,24,4,33,7
35,25,2,21,1
35,26,1,17,2
35,27,3,4,7
35,28,1,11,0
35,29,2,26,1
35,30,2,15,3
35,31,2,37,2
35,32,3,14,2
35,33,4,43,2
35,34,1,47,4
35,35,1,20,2
35,36,0,49,6
35,37,2,11,6
35,38,3,35,5
35,39,1,27,3
35,40,3,46,7
35,41,3,10,2
35,42,4,47,3
35,43,4,7,5
35,44,0,7,6
35,45,1,12,0
35,46,4,12,4
35,47,0,34,9
35,48,2,28,1
35,49,3,18,3
36,0,2,10,6
36,1,3,9,2
36,2,1,15,1
36,3,3,28,5
36,4,4,42,2
36,5,3,33,4
36,6,2,47,4
36,7,0,33,9
36,8,1,46,4
36,9,4,24,6
36,10,2,24,0
36,11,2,36,2
36,12,1,9,6
36,13,0,23,8
36,14,1,40,4
36,15,2,20,1
36,16,1,26,3
36,17,2,18,1
36,18,0,48,6
36,19,4,32,7
36,20,4,39,1
36,21,1,10,0
36,22,2,3,5
36,23,1,35,4
36,24,4,37,4
36,25,2,23,2
36,26,1,19,2
36,27,3,6,2
36,28,1,11,0
36,29,2,27,1
36,30,2,16,1
36,31,2,40,3
36,32,3,17,3
36,33,4,46,3
36,34,1,2,5
36,35,1,22,2
36,36,0,6,7
36,37,2,14,3
36,38,3,41,6
36,39,1,30,3
36,40,3,3,7
36,41,3,13,3
36,42,4,1,4
36,43,4,11,4
36,44,0,14,7
36,45,1,13,1
36,46,4,17,5
36,47,0,41,7
36,48,2,30,2
36,49,3,22,4
37,0,2,13,3
37,1,3,12,3
37,2,1,17,2
37,3,3,32,4
37,4,4,45,3
37,5,3,38,5
37,6,2,2,5
37,7,0,40,7
37,8,1,0,4
37,9,4,31,7
37,10,2,25,1
37,11,2,39,3
37,12,1,9,0
37,13,0,32,9
37,14,1,45,5
37,15,2,22,2
37,16,1,28,2
37,17,2,19,1
37,18,0,5,7
37,19,4,36,4
37,20,4,41,2
37,21,1,10,0
37,22,2,9,6
37,23,1,39,4
37,24,4,38,1
37,25,2,23,0
37,26,1,21,2
37,27,3,8,2
37,28,1,12,1
37,29,2,29,2
37,30,2,16,0
37,31,2,44,4
37,32,3,21,4
37,33,4,0,4
37,34,1,8,6
37,35,1,25,3
37,36,0,12,6
37,37,2,15,1
37,38,3,48,7
37,39,1,33,3
37,40,3,5,2
37,41,3,16,3
37,42,4,6,5
37,43,4,16,5
37,44,0,22,8
37,45,1,13,0
37,46,4,23,6
37,47,0,47,6
37,48,2,33,3
37,49,3,27,5
38,0,2,14,1
38,1,3,15,3
38,2,1,20,3
38,3,3,37,5
38,4,4,49,4
38,5,3,44,6
38,6,2,8,6
38,7,0,46,6
38,8,1,5,5
38,9,4,35,4
38,10,2,27,2
38,11,2,42,3
38,12,1,9,0
38,13,0,39,7
38,14,1,49,4
38,15,2,22,0
38,16,1,31,3
38,17,2,21,2
38,18,0,11,6
38,19,4,37,1
38,20,4,44,3
38,21,1,11,1
38,22,2,12,3
38,23,1,44,5
38,24,4,40,2
38,25,2,24,1
38,26,1,24,3
38,27,3,11,3
38,28,1,12,0
38,29,2,32,3
38,30,2,17,1
38,31,2,49,5
38,32,3,26,5
38,33,4,5,5
38,34,1,8,0
38,35,1,27,2
38,36,0,19,7
38,37,2,15,0
38,38,3,4,6
38,39,1,37,4
38,40,3,7,2
38,41,3,20,4
38,42,4,12,6
38,43,4,22,6
38,44,0,31,9
38,45,1,14,1
38,46,4,30,7
38,47,0,4,7
38,48,2,36,3
38,49,3,31,4
39,0,2,14,0
39,1,3,19,4
39,2,1,23,3
39,3,3,43,6
39,4,4,3,4
39,5,3,1,7
39,6,2,11,3
39,7,0,3,7
39,8,1,7,2
39,9,4,36,1
39,10,2,30,3
39,11,2,46,4
39,12,1,10,1
39,13,0,45,6
39,14,1,4,5
39,15,2,23,1
39,16,1,35,4
39,17,2,21,0
39,18,0,18,7
39,19,4,38,1
39,20,4,48,4
39,21,1,11,0
39,22,2,13,1
39,23,1,48,4
39,24,4,42,2
39,25,2,26,2
39,26,1,26,2
39,27,3,14,3
39,28,1,13,1
39,29,2,35,3
39,30,2,19,2
39,31,2,5,6
39,32,3,30,4
39,33,4,11,6
39,34,1,8,0
39,35,1,30,3
39,36,0,27,8
39,37,2,15,0
39,38,3,5,1
39,39,1,42,5
39,40,3,10,3
39,41,3,25,5
39,42,4,19,7
39,43,4,29,7
39,44,0,38,7
39,45,1,16,2
39,46,4,34,4
39,47,0,10,6
39,48,2,40,4
39,49,3,36,5
40,0,2,14,0
40,1,3,24,5
40,2,1,25,2
40,3,3,49,6
40,4,4,8,5
40,5,3,4,3
40,6,2,12,1
40,7,0,9,6
40,8,1,7,0
40,9,4,37,1
40,10,2,34,4
40,11,2,1,5
40,12,1,10,0
40,13,0,2,7
40,14,1,6,2
40,15,2,25,2
40,16,1,40,5
40,17,2,22,1
40,18,0,26,8
40,19,4,40,2
40,20,4,2,4
40,21,1,12,1
40,22,2,13,0
40,23,1,3,5
40,24,4,45,3
40,25,2,29,3
40,26,1,29,3
40,27,3,18,4
40,28,1,15,2
40,29,2,39,4
40,30,2,20,1
40,31,2,10,5
40,32,3,35,5
40,33,4,18,7
40,34,1,9,1
40,35,1,34,4
40,36,0,36,9
40,37,2,15,0
40,38,3,7,2
40,39,1,47,5
40,40,3,12,2
40,41,3,29,4
40,42,4,27,8
40,43,4,33,4
40,44,0,44,6
40,45,1,19,3
40,46,4,34,0
40,47,0,17,7
40,48,2,44,4
40,49,3,42,6
41,0,2,14,0
41,1,3,28,4
41,2,1,27,2
41,3,3,3,4
41,4,4,14,6
41,5,3,6,2
41,6,2,12,0
41,7,0,16,7
41,8,1,8,1
41,9,4,39,2
41,10,2,38,4
41,11,2,7,6
41,12,1,11,1
41,13,0,8,6
41,14,1,6,0
41,15,2,28,3
41,16,1,46,6
41,17,2,24,2
41,18,0,35,9
41,19,4,43,3
41,20,4,7,5
41,21,1,14,2
41,22,2,13,0
41,23,1,5,2
41,24,4,49,4
41,25,2,33,4
41,26,1,33,4
41,27,3,23,5
41,28,1,18,3
41,29,2,43,4
41,30,2,20,0
41,31,2,11,1
41,32,3,41,6
41,33,4,26,8
41,34,1,9,0
41,35,1,39,5
41,36,0,43,7
41,37,2,16,1
41,38,3,10,3
41,39,1,2,5
41,40,3,15,3
41,41,3,34,5
41,42,4,32,5
41,43,4,33,0
41,44,0,1,7
41,45,1,23,4
41,46,4,35,1
41,47,0,25,8
41,48,2,49,5
41,49,3,48,6
42,0,2,15,1
42,1,3,33,5
42,2,1,29,2
42,3,3,5,2
42,4,4,21,7
42,5,3,9,3
42,6,2,12,0
42,7,0,24,8
42,8,1,8,0
42,9,4,41,2
42,10,2,42,4
42,11,2,9,2
42,12,1,13,2
42,13,0,14,6
42,14,1,7,1
42,15,2,32,4
42,16,1,0,4
42,17,2,27,3
42,18,0,42,7
42,19,4,47,4
42,20,4,13,6
42,21,1,17,3
42,22,2,13,0
42,23,1,5,0
42,24,4,4,5
42,25,2,37,4
42,26,1,38,5
42,27,3,27,4
42,28,1,22,4
42,29,2,47,4
42,30,2,21,1
42,31,2,11,0
42,32,3,47,6
42,33,4,31,5
42,34,1,10,1
42,35,1,45,6
42,36,0,0,7
42,37,2,18,2
42,38,3,14,4
42,39,1,4,2
42,40,3,19,4
42,41,3,40,6
42,42,4,32,0
42,43,4,34,1
42,44,0,7,6
42,45,1,26,3
42,46,4,37,2
42,47,0,34,9
42,48,2,5,6
42,49,3,2,4
43,0,2,17,2
43,1,3,39,6
43,2,1,32,3
43,3,3,8,3
43,4,4,29,8
43,5,3,13,4
43,6,2,12,0
43,7,0,33,9
43,8,1,9,1
43,9,4,43,2
43,10,2,46,4
43,11,2,10,1
43,12,1,16,3
43,13,0,21,7
43,14,1,7,0
43,15,2,36,4
43,16,1,3,3
43,17,2,31,4
43,18,0,49,7
43,19,4,2,5
43,20,4,20,7
43,21,1,21,4
43,22,2,14,1
43,23,1,6,1
43,24,4,10,6
43,25,2,40,3
43,26,1,44,6
43,27,3,32,5
43,28,1,25,3
43,29,2,1,4
43,30,2,23,2
43,31,2,11,0
43,32,3,1,4
43,33,4,31,0
43,34,1,12,2
43,35,1,48,3
43,36,0,6,6
43,37,2,20,2
43,38,3,17,3
43,39,1,4,0
43,40,3,24,5
43,41,3,45,5
43,42,4,33,1
43,43,4,36,2
43,44,0,13,6
43,45,1,28,2
43,46,4,40,3
43,47,0,41,7
43,48,2,8,3
43,49,3,4,2
44,0,2,19,2
44,1,3,44,5
44,2,1,36,4
44,3,3,11,3
44,4,4,30,1
44,5,3,16,3
44,6,2,13,1
44,7,0,40,7
44,8,1,11,2
44,9,4,46,3
44,10,2,0,4
44,11,2,10,0
44,12,1,20,4
44,13,0,29,8
44,14,1,8,1
44,15,2,39,3
44,16,1,3,0
44,17,2,35,4
44,18,0,5,6
44,19,4,8,6
44,20,4,28,8
44,21,1,24,3
44,22,2,16,2
44,23,1,6,0
44,24,4,17,7
44,25,2,44,4
44,26,1,46,2
44,27,3,38,6
44,28,1,27,2
44,29,2,6,5
44,30,2,26,3
44,31,2,11,0
44,32,3,3,2
44,33,4,32,1
44,34,1,15,3
44,35,1,2,4
44,36,0,12,6
44,37,2,22,2
44,38,3,21,4
44,39,1,5,1
44,40,3,30,6
44,41,3,0,5
44,42,4,35,2
44,43,4,39,3
44,44,0,20,7
44,45,1,31,3
44,46,4,42,2
44,47,0,48,7
44,48,2,9,1
44,49,3,7,3
45,0,2,21,2
45,1,3,49,5
45,2,1,41,5
45,3,3,15,4
45,4,4,31,1
45,5,3,20,4
45,6,2,15,2
45,7,0,47,7
45,8,1,13,2
45,9,4,0,4
45,10,2,5,5
45,11,2,10,0
45,12,1,23,3
45,13,0,38,9
45,14,1,10,2
45,15,2,43,4
45,16,1,4,1
45,17,2,38,3
45,18,0,10,5
45,19,4,15,7
45,20,4,28,0
45,21,1,25,1
45,22,2,18,2
45,23,1,7,1
45,24,4,25,8
45,25,2,49,5
45,26,1,49,3
45,27,3,43,5
45,28,1,30,3
45,29,2,7,1
45,30,2,30,4
45,31,2,12,1
45,32,3,5,2
45,33,4,34,2
45,34,1,19,4
45,35,1,2,0
45,36,0,19,7
45,37,2,25,3
45,38,3,26,5
45,39,1,5,0
45,40,3,37,7
45,41,3,2,2
45,42,4,38,3
45,43,4,40,1
45,44,0,28,8
45,45,1,35,4
45,46,4,45,3
45,47,0,4,6
45,48,2,9,0
45,49,3,10,3
46,0,2,24,3
46,1,3,1,2
46,2,1,47,6
46,3,3,19,4
46,4,4,33,2
46,5,3,25,5
46,6,2,17,2
46,7,0,3,6
46,8,1,16,3
46,9,4,5,5
46,10,2,5,0
46,11,2,11,1
46,12,1,24,1
46,13,0,46,8
46,14,1,11,1
46,15,2,48,5
46,16,1,4,0
46,17,2,42,4
46,18,0,16,6
46,19,4,23,8
46,20,4,28,0
46,21,1,27,2
46,22,2,20,2
46,23,1,9,2
46,24,4,27,2
46,25,2,3,4
46,26,1,1,2
46,27,3,48,5
46,28,1,34,4
46,29,2,8,1
46,30,2,35,5
46,31,2,14,2
46,32,3,8,3
46,33,4,37,3
46,34,1,22,3
46,35,1,3,1
46,36,0,26,7
46,37,2,29,4
46,38,3,32,6
46,39,1,6,1
46,40,3,42,5
46,41,3,3,1
46,42,4,39,1
46,43,4,42,2
46,44,0,37,9
46,45,1,40,5
46,46,4,49,4
46,47,0,9,5
46,48,2,9,0
46,49,3,13,3
47,0,2,28,4
47,1,3,1,0
47,2,1,0,3
47,3,3,24,5
47,4,4,36,3
47,5,3,31,6
47,6,2,19,2
47,7,0,8,5
47,8,1,20,4
47,9,4,10,5
47,10,2,6,1
47,11,2,13,2
47,12,1,26,2
47,13,0,2,6
47,14,1,13,2
47,15,2,2,4
47,16,1,5,1
47,17,2,46,4
47,18,0,23,7
47,19,4,26,3
47,20,4,29,1
47,21,1,30,3
47,22,2,23,3
47,23,1,10,1
47,24,4,27,0
47,25,2,4,1
47,26,1,2,1
47,27,3,0,2
47,28,1,39,5
47,29,2,8,0
47,30,2,40,5
47,31,2,16,2
47,32,3,12,4
47,33,4,38,1
47,34,1,23,1
47,35,1,3,0
47,36,0,34,8
47,37,2,34,5
47,38,3,39,7
47,39,1,8,2
47,40,3,47,5
47,41,3,5,2
47,42,4,40,1
47,43,4,45,3
47,44,0,45,8
47,45,1,46,6
47,46,4,4,5
47,47,0,15,6
47,48,2,10,1
47,49,3,17,4
48,0,2,33,5
48,1,3,1,0
48,2,1,1,1
48,3,3,30,6
48,4,4,37,1
48,5,3,38,7
48,6,2,22,3
48,7,0,14,6
48,8,1,22,2
48,9,4,16,6
48,10,2,7,1
48,11,2,15,2
48,12,1,29,3
48,13,0,7,5
48,14,1,16,3
48,15,2,3,1
48,16,1,7,2
48,17,2,1,5
48,18,0,31,8
48,19,4,26,0
48,20,4,31,2
48,21,1,34,4
48,22,2,27,4
48,23,1,12,2
48,24,4,28,1
48,25,2,5,1
48,26,1,2,0
48,27,3,0,0
48,28,1,45,6
48,29,2,9,1
48,30,2,45,5
48,31,2,18,2
48,32,3,16,4
48,33,4,39,1
48,34,1,25,2
48,35,1,4,1
48,36,0,43,9
48,37,2,38,4
48,38,3,46,7
48,39,1,8,0
48,40,3,49,2
48,41,3,8,3
48,42,4,42,2
48,43,4,49,4
48,44,0,1,6
48,45,1,49,3
48,46,4,9,5
48,47,0,21,6
48,48,2,12,2
48,49,3,22,5
49,0,2,37,4
49,1,3,2,1
49,2,1,1,0
49,3,3,37,7
49,4,4,38,1
49,5,3,44,6
49,6,2,26,4
49,7,0,19,5
49,8,1,24,2
49,9,4,23,7
49,10,2,8,1
49,11,2,17,2
49,12,1,33,4
49,13,0,13,6
49,14,1,20,4
49,15,2,4,1
49,16,1,7,0
49,17,2,2,1
49,18,0,40,9
49,19,4,27,1
49,20,4,34,3
49,21,1,39,5
49,22,2,32,5
49,23,1,15,3
49,24,4,30,2
49,25,2,6,1
49,26,1,2,0
49,27,3,0,0
49,28,1,48,3
49,29,2,11,2
49,30,2,0,5
49,31,2,21,3
49,32,3,20,4
49,33,4,41,2
49,34,1,28,3
49,35,1,6,2
49,36,0,0,7
49,37,2,43,5
49,38,3,48,2
49,39,1,9,1
49,40,3,49,0
49,41,3,12,4
49,42,4,45,3
49,43,4,4,5
49,44,0,6,5
49,45,1,0,1
49,46,4,15,6
49,47,0,28,7
49,48,2,14,2
49,49,3,28,6
50,0,2,42,5
50,1,3,4,2
50,2,1,1,0
50,3,3,42,5
50,4,4,40,2
50,5,3,47,3
50,6,2,31,5
50,7,0,25,6
50,8,1,26,2
50,9,4,26,3
50,10,2,10,2
50,11,2,20,3
50,12,1,38,5
50,13,0,18,5
50,14,1,23,3
50,15,2,5,1
50,16,1,8,1
50,17,2,3,1
50,18,0,49,9
50,19,4,29,2
50,20,4,37,3
50,21,1,45,6
50,22,2,36,4
50,23,1,19,4
50,24,4,33,3
50,25,2,7,1
50,26,1,3,1
50,27,3,1,1
50,28,1,48,0
50,29,2,13,2
50,30,2,1,1
50,31,2,25,4
50,32,3,25,5
50,33,4,44,3
50,34,1,32,4
50,35,1,6,0
50,36,0,4,4
50,37,2,49,6
50,38,3,48,0
50,39,1,11,2
50,40,3,49,0
50,41,3,17,5
50,42,4,49,4
50,43,4,10,6
50,44,0,12,6
50,45,1,0,0
50,46,4,22,7
50,47,0,36,8
50,48,2,16,2
50,49,3,34,6
51,0,2,48,6
51,1,3,7,3
51,2,1,2,1
51,3,3,46,4
51,4,4,43,3
51,5,3,47,0
51,6,2,35,4
51,7,0,31,6
51,8,1,29,3
51,9,4,28,2
51,10,2,12,2
51,11,2,24,4
51,12,1,44,6
51,13,0,24,6
51,14,1,25,2
51,15,2,6,1
51,16,1,10,2
51,17,2,4,1
51,18,0,3,4
51,19,4,32,3
51,20,4,38,1
51,21,1,47,2
51,22,2,41,5
51,23,1,22,3
51,24,4,36,3
51,25,2,9,2
51,26,1,5,2
51,27,3,3,2
51,28,1,49,1
51,29,2,15,2
51,30,2,2,1
51,31,2,30,5
51,32,3,30,5
51,33,4,48,4
51,34,1,37,5
51,35,1,7,1
51,36,0,9,5
51,37,2,0,1
51,38,3,48,0
51,39,1,14,3
51,40,3,0,1
51,41,3,23,6
51,42,4,4,5
51,43,4,17,7
51,44,0,16,4
51,45,1,0,0
51,46,4,24,2
51,47,0,45,9
51,48,2,18,2
51,49,3,40,6
52,0,2,49,1
52,1,3,11,4
52,2,1,4,2
52,3,3,46,0
52,4,4,46,3
52,5,3,47,0
52,6,2,40,5
52,7,0,38,7
52,8,1,32,3
52,9,4,31,3
52,10,2,14,2
52,11,2,29,5
52,12,1,46,2
52,13,0,30,6
52,14,1,28,3
52,15,2,8,2
52,16,1,13,3
52,17,2,5,1
52,18,0,8,5
52,19,4,35,3
52,20,4,40,2
52,21,1,48,1
52,22,2,47,6
52,23,1,24,2
52,24,4,36,0
52,25,2,11,2
52,26,1,6,1
52,27,3,6,3
52,28,1,49,0
52,29,2,17,2
52,30,2,3,1
52,31,2,34,4
52,32,3,36,6
52,33,4,3,5
52,34,1,43,6
52,35,1,9,2
52,36,0,15,6
52,37,2,1,1
52,38,3,49,1
52,39,1,18,4
52,40,3,1,1
52,41,3,29,6
52,42,4,10,6
52,43,4,23,6
52,44,0,21,5
52,45,1,1,1
52,46,4,27,3
52,47,0,1,6
52,48,2,21,3
52,49,3,45,5
53,0,2,0,1
53,1,3,16,5
53,2,1,5,1
53,3,3,46,0
53,4,4,0,4
53,5,3,47,0
53,6,2,46,6
53,7,0,46,8
53,8,1,36,4
53,9,4,34,3
53,10,2,16,2
53,11,2,33,4
53,12,1,47,1
53,13,0,37,7
53,14,1,30,2
53,15,2,10,2
53,16,1,17,4
53,17,2,7,2
53,18,0,14,6
53,19,4,35,0
53,20,4,43,3
53,21,1,48,0
53,22,2,48,1
53,23,1,27,3
53,24,4,37,1
53,25,2,13,2
53,26,1,8,2
53,27,3,10,4
53,28,1,0,1
53,29,2,20,3
53,30,2,4,1
53,31,2,39,5
53,32,3,43,7
53,33,4,9,6
53,34,1,45,2
53,35,1,12,3
53,36,0,20,5
53,37,2,1,0
53,38,3,0,1
53,39,1,23,5
53,40,3,3,2
53,41,3,35,6
53,42,4,17,7
53,43,4,26,3
53,44,0,27,6
53,45,1,2,1
53,46,4,30,3
53,47,0,7,6
53,48,2,25,4
53,49,3,45,0
54,0,2,0,0
54,1,3,22,6
54,2,1,7,2
54,3,3,46,0
54,4,4,4,4
54,5,3,48,1
54,6,2,47,1
54,7,0,5,9
54,8,1,40,4
54,9,4,34,0
54,10,2,19,3
54,11,2,38,5
54,12,1,47,0
54,13,0,45,8
54,14,1,33,3
54,15,2,12,2
54,16,1,22,5
54,17,2,9,2
54,18,0,19,5
54,19,4,36,1
54,20,4,47,4
54,21,1,49,1
54,22,2,49,1
54,23,1,29,2
54,24,4,39,2
54,25,2,15,2
54,26,1,11,3
54,27,3,15,5
54,28,1,1,1
54,29,2,24,4
54,30,2,6,2
54,31,2,45,6
54,32,3,44,1
54,33,4,16,7
54,34,1,46,1
54,35,1,15,3
54,36,0,26,6
54,37,2,2,1
54,38,3,2,2
54,39,1,26,3
54,40,3,6,3
54,41,3,42,7
54,42,4,25,8
54,43,4,29,3
54,44,0,34,7
54,45,1,4,2
54,46,4,33,3
54,47,0,13,6
54,48,2,30,5
54,49,3,45,0
55,0,2,1,1
55,1,3,29,7
55,2,1,10,3
55,3,3,47,1
55,4,4,9,5
55,5,3,0,2
55,6,2,48,1
55,7,0,12,7
55,8,1,45,5
55,9,4,35,1
55,10,2,23,4
55,11,2,44,6
55,12,1,48,1
55,13,0,4,9
55,14,1,37,4
55,15,2,14,2
55,16,1,25,3
55,17,2,11,2
55,18,0,25,6
55,19,4,38,2
55,20,4,2,5
55,21,1,0,1
55,22,2,49,0
55,23,1,32,3
55,24,4,42,3
55,25,2,18,3
55,26,1,14,3
55,27,3,21,6
55,28,1,3,2
55,29,2,29,5
55,30,2,7,1
55,31,2,46,1
55,32,3,44,0
55,33,4,23,7
55,34,1,46,0
55,35,1,19,4
55,36,0,33,7
55,37,2,4,2
55,38,3,5,3
55,39,1,28,2
55,40,3,10,4
55,41,3,43,1
55,42,4,28,3
55,43,4,33,4
55,44,0,42,8
55,45,1,5,1
55,46,3,37,4
55,47,0,18,5
55,48,2,35,5
55,49,3,45,0
56,0,2,3,2
56,1,3,36,7
56,2,1,13,3
56,3,3,49,2
56,4,4,15,6
56,5,3,3,3
56,6,2,48,0
56,7,0,17,5
56,8,1,45,0
56,9,4,37,2
56,10,2,28,5
56,11,2,44,0
56,12,1,49,1
56,13,0,11,7
56,14,1,42,5
56,15,2,17,3
56,16,1,27,2
56,17,2,12,1
56,18,0,32,7
56,19,4,41,3
56,20,4,8,6
56,21,1,2,2
56,22,2,0,1
56,23,1,35,3
56,24,4,46,4
56,25,2,22,4
56,26,1,18,4
56,27,3,28,7
56,28,1,4,1
56,29,2,34,5
56,30,2,9,2
56,31,2,47,1
56,32,3,44,0
56,33,4,27,4
56,34,1,47,1
56,35,1,24,5
56,36,0,41,8
56,37,2,6,2
56,38,3,9,4
56,39,1,31,3
56,40,3,15,5
56,41,3,43,0
56,42,4,32,4
56,43,4,34,1
56,44,0,1,9
56,45,1,7,2
56,46,3,42,5
56,47,0,24,6
56,48,2,41,6
56,49,3,46,1
57,0,2,5,2
57,1,3,41,5
57,2,1,17,4
57,3,3,2,3
57,4,4,22,7
57,5,3,7,4
57,6,2,49,1
57,7,0,22,5
57,8,1,46,1
57,9,4,39,2
57,10,2,33,5
57,11,2,45,1
57,12,1,1,2
57,13,0,16,5
57,14,1,44,2
57,15,2,21,4
57,16,1,29,2
57,17,2,14,2
57,18,0,40,8
57,19,4,44,3
57,20,4,14,6
57,21,1,3,1
57,22,2,2,2
57,23,1,39,4
57,24,4,1,5
57,25,2,26,4
57,26,1,23,5
57,27,3,35,7
57,28,1,6,2
57,29,2,40,6
57,30,2,11,2
57,31,2,47,0
57,32,3,45,1
57,33,4,31,4
57,34,1,48,1
57,35,1,26,2
57,36,0,0,9
57,37,2,8,2
57,38,3,14,5
57,39,1,34,3
57,40,3,21,6
57,41,3,43,0
57,42,4,33,1
57,43,4,36,2
57,44,0,10,9
57,45,1,10,3
57,46,3,42,0
57,47,0,31,7
57,48,2,43,2
57,49,3,48,2
58,0,2,7,2
58,1,3,41,0
58,2,1,22,5
58,3,3,6,4
58,4,4,30,8
58,5,3,12,5
58,6,2,1,2
58,7,0,27,5
58,8,1,47,1
58,9,4,42,3
58,10,2,38,5
58,11,2,46,1
58,12,1,2,1
58,13,0,21,5
58,14,1,45,1
58,15,2,25,4
58,16,1,32,3
58,17,2,17,3
58,18,0,49,9
58,19,4,48,4
58,20,4,21,7
58,21,1,5,2
58,22,2,4,2
58,23,1,43,4
58,24,4,6,5
58,25,2,31,5
58,26,1,25,2
58,27,3,40,5
58,28,1,9,3
58,29,2,42,2
58,30,2,13,2
58,31,2,48,1
58,32,3,47,2
58,33,4,32,1
58,34,1,0,2
58,35,1,28,2
58,36,0,9,9
58,37,2,10,2
58,38,3,20,6
58,39,1,38,4
58,40,3,28,7
58,41,3,43,0
58,42,4,35,2
58,43,4,38,2
58,44,0,15,5
58,45,1,14,4
58,46,3,42,0
58,47,0,39,8
58,48,2,44,1
58,49,3,1,3
59,0,2,9,2
59,1,3,41,0
59,2,1,24,2
59,3,3,11,5
59,4,4,31,1
59,5,3,18,6
59,6,2,3,2
59,7,0,33,6
59,8,1,49,2
59,9,4,46,4
59,10,2,41,3
59,11,2,47,1
59,12,1,3,1
59,13,0,25,4
59,14,1,46,1
59,15,2,30,5
59,16,1,36,4
59,17,2,20,3
59,18,0,8,9
59,19,4,3,5
59,20,4,29,8
59,21,1,8,3
59,22,2,6,2
59,23,1,43,0
59,24,4,12,6
59,25,2,37,6
59,26,1,27,2
59,27,3,40,0
59,28,1,13,4
59,29,2,43,1
59,30,2,16,3
59,31,2,49,1
59,32,3,49,2
59,33,4,34,2
59,34,1,0,0
59,35,1,31,3
59,36,0,14,5
59,37,2,12,2
59,38,3,27,7
59,39,1,42,4
59,40,3,36,8
59,41,3,44,1
59,42,4,37,2
59,43,4,41,3
59,44,0,20,5
59,45,1,19,5
59,46,3,42,0
59,47,0,48,9
59,48,2,45,1
59,49,3,5,4
60,0,2,11,2
60,1,3,41,0
60,2,1,25,1
60,3,3,17,6
60,4,4,33,2
60,5,3,25,7
60,6,2,5,2
60,7,0,40,7
60,8,1,49,0
60,9,4,1,5
60,10,2,41,0
60,11,2,48,1
60,12,1,5,2
60,13,0,29,4
60,14,1,48,2
60,15,2,36,6
60,16,1,41,5
60,17,2,24,4
60,18,0,13,5
60,19,4,9,6
60,20,4,30,1
60,21,1,12,4
60,22,2,8,2
60,23,1,44,1
60,24,4,19,7
60,25,2,40,3
60,26,1,30,3
60,27,3,40,0
60,28,1,17,4
60,29,2,44,1
60,30,2,18,2
60,31,2,1,2
60,32,3,2,3
60,33,4,36,2
60,34,1,1,1
60,35,1,35,4
60,36,0,19,5
60,37,2,14,2
60,38,3,35,8
60,39,1,42,0
60,40,3,39,3
60,41,3,46,2
60,42,4,39,2
60,43,4,45,4
60,44,0,24,4
60,45,1,23,4
60,46,3,43,1
60,47,0,7,9
60,48,2,45,0
60,49,3,10,5
61,0,2,13,2
61,1,3,42,1
61,2,1,27,2
61,3,3,24,7
61,4,4,34,1
61,5,3,33,8
61,6,2,7,2
61,7,0,48,8
61,8,1,0,1
61,9,4,7,6
61,10,2,42,1
61,11,2,49,1
61,12,1,8,3
61,13,0,34,5
61,14,1,48,0
61,15,2,39,3
61,16,1,41,0
61,17,2,29,5
61,18,0,18,5
61,19,4,16,7
61,20,4,32,2
61,21,1,16,4
61,22,2,10,2
61,23,1,46,2
61,24,4,27,8
61,25,2,40,0
61,26,1,34,4
61,27,3,40,0
61,28,1,22,5
61,29,2,44,0
61,30,2,21,3
61,31,2,4,3
61,32,3,6,4
61,33,4,37,1
61,34,1,3,2
61,35,1,40,5
61,36,0,23,4
61,37,2,17,3
61,38,3,37,2
61,39,1,43,1
61,40,3,39,0
61,41,3,49,3
61,42,4,42,3
61,43,4,0,5
61,44,0,27,3
61,45,1,24,1
61,46,3,45,2
61,47,0,12,5
61,48,2,46,1
61,49,3,16,6
62,0,2,16,3
62,1,3,44,2
62,2,1,30,3
62,3,3,32,8
62,4,4,36,2
62,5,3,35,2
62,6,2,9,2
62,7,0,7,9
62,8,1,2,2
62,9,4,14,7
62,10,2,43,1
62,11,2,1,2
62,12,1,12,4
62,13,0,40,6
62,14,1,49,1
62,15,2,39,0
62,16,1,42,1
62,17,2,35,6
62,18,0,22,4
62,19,4,23,7
62,20,4,32,0
62,21,1,21,5
62,22,2,12,2
62,23,1,47,1
62,24,4,31,4
62,25,2,41,1
62,26,1,39,5
62,27,3,41,1
62,28,1,23,1
62,29,2,45,1
62,30,2,25,4
62,31,2,6,2
62,32,3,11,5
62,33,4,39,2
62,34,1,6,3
62,35,1,40,0
62,36,0,26,3
62,37,2,20,3
62,38,3,38,1
62,39,1,45,2
62,40,3,39,0
62,41,3,3,4
62,42,4,46,4
62,43,4,6,6
62,44,0,31,4
62,45,1,26,2
62,46,3,48,3
62,47,0,17,5
62,48,2,48,2
62,49,3,23,7
63,0,2,18,2
63,1,3,46,2
63,2,1,34,4
63,3,3,34,2
63,4,4,38,2
63,5,3,37,2
63,6,2,11,2
63,7,0,16,9
63,8,1,5,3
63,9,4,22,8
63,10,2,44,1
63,11,2,4,3
63,12,1,17,5
63,13,0,47,7
63,14,1,1,2
63,15,2,40,1
63,16,1,44,2
63,17,2,38,3
63,18,0,24,2
63,19,4,30,7
63,20,4,32,0
63,21,1,22,1
63,22,2,15,3
63,23,1,47,0
63,24,4,31,0
63,25,2,42,1
63,26,1,39,0
63,27,3,43,2
63,28,1,25,2
63,29,2,47,2
63,30,2,30,5
63,31,2,8,2
63,32,3,17,6
63,33,4,42,3
63,34,1,10,4
63,35,1,41,1
63,36,0,29,3
63,37,2,24,4
63,38,3,38,0
63,39,1,46,1
63,40,3,40,1
63,41,3,8,5
63,42,4,1,5
63,43,4,13,7
63,44,0,35,4
63,45,1,29,3
63,46,3,2,4
63,47,0,21,4
63,48,2,0,2
63,49,3,31,8
64,0,2,21,3
64,1,3,49,3
64,2,1,38,4
64,3,3,36,2
64,4,4,41,3
64,5,3,37,0
64,6,2,14,3
64,7,0,20,4
64,8,1,9,4
64,9,4,28,6
64,10,2,45,1
64,11,2,7,3
64,12,1,21,4
64,13,0,5,8
64,14,1,4,3
64,15,2,41,1
64,16,1,45,1
64,17,2,39,1
64,18,0,27,3
64,19,4,30,0
64,20,4,33,1
64,21,1,24,2
64,22,2,17,2
64,23,1,48,1
64,24,4,31,0
64,25,2,43,1
64,26,1,40,1
64,27,3,45,2
64,28,1,28,3
64,29,2,49,2
64,30,2,36,6
64,31,2,10,2
64,32,3,24,7
64,33,4,46,4
64,34,1,15,5
64,35,1,43,2
64,36,0,33,4
64,37,2,28,4
64,38,3,39,1
64,39,1,46,0
64,40,3,42,2
64,41,3,14,6
64,42,4,7,6
64,43,4,21,8
64,44,0,40,5
64,45,1,33,4
64,46,3,7,5
64,47,0,23,2
64,48,2,3,3
64,49,3,33,2
65,0,2,25,4
65,1,3,3,4
65,2,1,39,1
65,3,3,36,0
65,4,4,45,4
65,5,3,38,1
65,6,2,16,2
65,7,0,22,2
65,8,1,13,4
65,9,4,29,1
65,10,2,47,2
65,11,2,9,2
65,12,1,23,2
65,13,0,14,9
65,14,1,8,4
65,15,2,42,1
65,16,1,45,0
65,17,2,40,1
65,18,0,31,4
65,19,4,30,0
65,20,4,35,2
65,21,1,27,3
65,22,2,20,3
65,23,1,0,2
65,24,4,31,0
65,25,2,44,1
65,26,1,42,2
65,27,3,48,3
65,28,1,32,4
65,29,2,1,2
65,30,2,37,1
65,31,2,13,3
65,32,3,32,8
65,33,4,1,5
65,34,1,20,5
65,35,1,44,1
65,36,0,38,5
65,37,2,32,4
65,38,3,41,2
65,39,1,47,1
65,40,3,43,1
65,41,3,21,7
65,42,4,14,7
65,43,4,27,6
65,44,0,46,6
65,45,1,37,4
65,46,3,13,6
65,47,0,26,3
65,48,2,6,3
65,49,3,35,2
66,0,2,30,5
66,1,3,8,5
66,2,1,41,2
66,3,3,37,1
66,4,4,0,5
66,5,3,40,2
66,6,2,19,3
66,7,0,25,3
66,8,1,18,5
66,9,4,29,0
66,10,2,0,3
66,11,2,12,3
66,12,1,26,3
66,13,0,21,7
66,14,1,12,4
66,15,2,43,1
66,16,1,46,1
66,17,2,41,1
66,18,0,36,5
66,19,4,30,0
66,20,4,38,3
66,21,1,31,4
66,22,2,24,4
66,23,1,3,3
66,24,4,32,1
66,25,2,46,2
66,26,1,43,1
66,27,3,2,4
66,28,1,36,4
66,29,2,4,3
66,30,2,39,2
66,31,2,15,2
66,32,3,34,2
66,33,4,7,6
66,34,1,22,2
66,35,1,44,0
66,36,0,44,6
66,37,2,36,4
66,38,3,41,0
66,39,1,49,2
66,40,3,45,2
66,41,3,29,8
66,42,4,22,8
66,43,4,28,1
66,44,0,3,7
66,45,1,38,1
66,46,3,20,7
66,47,0,30,4
66,48,2,8,2
66,49,3,35,0
67,0,2,35,5
67,1,3,14,6
67,2,1,42,1
67,3,3,38,1
67,4,4,6,6
67,5,3,40,0
67,6,2,23,4
67,7,0,29,4
67,8,1,21,3
67,9,4,29,0
67,10,2,3,3
67,11,2,14,2
67,12,1,30,4
67,13,0,24,3
67,14,1,17,5
67,15,2,45,2
67,16,1,47,1
67,17,2,42,1
67,18,0,42,6
67,19,4,31,1
67,20,4,42,4
67,21,1,35,4
67,22,2,29,5
67,23,1,7,4
67,24,4,34,2
67,25,2,49,3
67,26,1,43,0
67,27,3,7,5
67,28,1,37,1
67,29,2,7,3
67,30,2,40,1
67,31,2,18,3
67,32,3,34,0
67,33,4,14,7
67,34,1,25,3
67,35,1,45,1
67,36,0,0,6
67,37,2,38,2
67,38,3,42,1
67,39,1,2,3
67,40,3,48,3
67,41,3,33,4
67,42,4,27,5
67,43,4,28,0
67,44,0,11,8
67,45,1,40,2
67,46,3,28,8
67,47,0,35,5
67,48,2,11,3
67,49,3,36,1
68,0,2,37,2
68,1,3,21,7
68,2,1,42,0
68,3,3,39,1
68,4,4,13,7
68,5,3,41,1
68,6,2,28,5
68,7,0,34,5
68,8,1,23,2
68,9,4,30,1
68,10,2,6,3
68,11,2,17,3
68,12,1,34,4
68,13,0,28,4
68,14,1,20,3
68,15,2,48,3
68,16,1,49,2
68,17,2,44,2
68,18,0,49,7
68,19,4,33,2
68,20,4,47,5
68,21,1,36,1
68,22,2,34,5
68,23,1,12,5
68,24,4,37,3
68,25,2,2,3
68,26,1,44,1
68,27,3,13,6
68,28,1,39,2
68,29,2,10,3
68,30,2,41,1
68,31,2,21,3
68,32,3,35,1
68,33,4,22,8
68,34,1,29,4
68,35,1,46,1
68,36,0,7,7
68,37,2,38,0
68,38,3,44,2
68,39,1,6,4
68,40,3,2,4
68,41,3,33,0
68,42,3,27,0
68,43,4,28,0
68,44,0,20,9
68,45,1,41,1
68,46,3,32,4
68,47,0,41,6
68,48,2,13,2
68,49,3,37,1
69,0,2,37,0
69,1,3,26,5
69,2,1,43,1
69,3,3,40,1
69,4,4,21,8
69,5,3,43,2
69,6,2,33,5
69,7,0,40,6
69,8,1,26,3
69,9,4,32,2
69,10,2,9,3
69,11,2,20,3
69,12,1,34,0
69,13,0,33,5
69,14,1,22,2
69,15,2,1,3
69,16,1,2,3
69,17,2,46,2
69,18,0,6,7
69,19,4,35,2
69,20,4,3,6
69,21,1,38,2
69,22,2,36,2
69,23,1,18,6
69,24,4,41,4
69,25,2,5,3
69,26,1,45,1
69,27,3,20,7
69,28,1,39,0
69,29,2,12,2
69,30,2,43,2
69,31,2,25,4
69,32,3,35,0
69,33,4,27,5
69,34,1,33,4
69,35,1,48,2
69,36,0,15,8
69,37,2,39,1
69,38,3,47,3
69,39,1,11,5
69,40,3,7,5
69,41,3,34,1
69,42,3,28,1
69,43,4,28,0
69,44,0,27,7
69,45,1,41,0
69,46,3,32,0
69,47,0,48,7
69,48,2,16,3
69,49,3,38,1
70,0,2,38,1
70,1,3,27,1
70,2,1,44,1
70,3,3,42,2
70,4,4,26,5
70,5,3,46,3
70,6,2,35,2
70,7,0,47,7
70,8,1,30,4
70,9,4,34,2
70,10,2,11,2
70,11,2,24,4
70,12,1,35,1
70,13,0,39,6
70,14,1,25,3
70,15,2,4,3
70,16,1,5,3
70,17,2,49,3
70,18,0,14,8
70,19,4,38,3
70,20,4,9,6
70,21,1,38,0
70,22,2,36,0
70,23,1,21,3
70,24,4,46,5
70,25,2,8,3
70,26,1,47,2
70,27,3,25,5
70,28,1,40,1
70,29,2,15,3
70,30,2,45,2
70,31,2,30,5
70,32,3,36,1
70,33,4,27,0
70,34,1,33,0
70,35,1,1,3
70,36,0,24,9
70,37,2,41,2
70,38,3,1,4
70,39,1,17,6
70,40,3,13,6
70,41,3,34,0
70,42,3,29,1
70,43,4,29,1
70,44,0,31,4
70,45,1,42,1
70,46,3,32,0
70,47,0,5,7
70,48,2,19,3
70,49,3,39,1
71,0,2,40,2
71,1,3,28,1
71,2,1,46,2
71,3,3,45,3
71,4,4,26,0
71,5,3,0,4
71,6,2,35,0
71,7,0,4,7
71,8,1,32,2
71,9,4,37,3
71,10,2,14,3
71,11,2,29,5
71,12,1,37,2
71,13,0,46,7
71,14,1,29,4
71,15,2,7,3
71,16,1,9,4
71,17,2,3,4
71,18,0,23,9
71,19,4,42,4
71,20,4,16,7
71,21,1,39,1
71,22,2,37,1
71,23,1,24,3
71,24,4,2,6
71,25,2,9,1
71,26,1,0,3
71,27,3,26,1
71,28,1,41,1
71,29,2,18,3
71,30,2,48,3
71,31,2,33,3
71,32,3,38,2
71,33,4,28,1
71,34,1,34,1
71,35,1,4,3
71,36,0,30,6
71,37,2,44,3
71,38,3,5,4
71,39,1,20,3
71,40,3,20,7
71,41,3,35,1
71,42,3,31,2
71,43,4,31,2
71,44,0,36,5
71,45,1,43,1
71,46,3,33,1
71,47,0,12,7
71,48,2,23,4
71,49,3,41,2
72,0,2,43,3
72,1,3,30,2
72,2,1,49,3
72,3,3,49,4
72,4,4,27,1
72,5,3,4,4
72,6,2,36,1
72,7,0,11,7
72,8,1,33,1
72,9,4,41,4
72,10,2,17,3
72,11,2,32,3
72,12,1,38,1
72,13,0,3,7
72,14,1,31,2
72,15,2,8,1
72,16,1,14,5
72,17,2,6,3
72,18,0,29,6
72,19,4,47,5
72,20,4,24,8
72,21,1,40,1
72,22,2,39,2
72,23,1,28,4
72,24,4,9,7
72,25,2,10,1
72,26,1,2,2
72,27,3,27,1
72,28,1,42,1
72,29,2,22,4
72,30,2,1,3
72,31,2,34,1
72,32,3,40,2
72,33,4,30,2
72,34,1,36,2
72,35,1,8,4
72,36,0,35,5
72,37,2,47,3
72,38,3,10,5
72,39,1,23,3
72,40,3,25,5
72,41,3,37,2
72,42,3,32,1
72,43,4,34,3
72,44,0,42,6
72,45,1,45,2
72,46,3,34,1
72,47,0,20,8
72,48,2,28,5
72,49,3,44,3
73,0,2,46,3
73,1,3,31,1
73,2,1,0,1
73,3,3,2,3
73,4,4,29,2
73,5,3,9,5
73,6,2,38,2
73,7,0,19,8
73,8,1,35,2
73,9,4,46,5
73,10,2,21,4
73,11,2,33,1
73,12,1,38,0
73,13,0,9,6
73,14,1,32,1
73,15,2,9,1
73,16,1,20,6
73,17,2,7,1
73,18,0,34,5
73,19,4,3,6
73,20,4,26,2
73,21,1,41,1
73,22,2,42,3
73,23,1,30,2
73,24,4,17,8
73,25,2,12,2
73,26,1,5,3
73,27,3,28,1
73,28,1,44,2
73,29,2,27,5
73,30,2,5,4
73,31,2,35,1
73,32,3,43,3
73,33,4,33,3
73,34,1,37,1
73,35,1,13,5
73,36,0,41,6
73,37,2,0,3
73,38,3,16,6
73,39,1,27,4
73,40,3,26,1
73,41,3,39,2
73,42,3,33,1
73,43,4,38,4
73,44,0,49,7
73,45,1,48,3
73,46,3,36,2
73,47,0,28,8
73,48,2,31,3
73,49,3,48,4
74,0,2,49,3
74,1,3,32,1
74,2,1,2,2
74,3,3,6,4
74,4,4,32,3
74,5,3,15,6
74,6,2,41,3
74,7,0,27,8
74,8,1,36,1
74,9,4,2,6
74,10,2,25,4
74,11,2,33,0
74,12,1,39,1
74,13,0,15,6
74,14,1,34,2
74,15,2,11,2
74,16,1,26,6
74,17,2,8,1
74,18,0,40,6
74,19,4,10,7
74,20,4,28,2
74,21,1,43,2
74,22,2,45,3
74,23,1,31,1
74,24,4,25,8
74,25,2,15,3
74,26,1,9,4
74,27,3,30,2
74,28,1,47,3
74,29,2,30,3
74,30,2,6,1
74,31,2,37,2
74,32,3,47,4
74,33,4,37,4
74,34,1,37,0
74,35,1,19,6
74,36,0,48,7
74,37,2,4,4
74,38,3,23,7
74,39,1,29,2
74,40,3,27,1
74,41,3,42,3
74,42,3,35,2
74,43,4,43,5
74,44,0,7,8
74,45,1,49,1
74,46,3,38,2
74,47,0,33,5
74,48,2,32,1
74,49,3,1,3
75,0,2,3,4
75,1,3,34,2
75,2,1,5,3
75,3,3,11,5
75,4,4,36,4
75,5,3,22,7
75,6,2,44,3
75,7,0,32,5
75,8,1,36,0
75,9,4,9,7
75,10,2,29,4
75,11,2,33,0
75,12,1,41,2
75,13,0,22,7
75,14,1,34,0
75,15,2,14,3
75,16,1,28,2
75,17,2,9,1
75,18,0,47,7
75,19,4,18,8
75,20,4,31,3
75,21,1,46,3
75,22,2,48,3
75,23,1,32,1
75,24,4,27,2
75,25,2,19,4
75,26,1,14,5
75,27,3,31,1
75,28,1,48,1
75,29,2,31,1
75,30,2,7,1
75,31,2,40,3
75,32,3,0,3
75,33,4,41,4
75,34,1,38,1
75,35,1,25,6
75,36,0,6,8
75,37,2,5,1
75,38,3,26,3
75,39,1,30,1
75,40,3,29,2
75,41,3,46,4
75,42,3,37,2
75,43,4,49,6
75,44,0,14,7
75,45,1,1,2
75,46,3,41,3
75,47,0,39,6
75,48,2,32,0
75,49,3,5,4
76,0,2,4,1
76,1,3,36,2
76,2,1,9,4
76,3,3,17,6
76,4,4,40,4
76,5,3,25,3
76,6,2,46,2
76,7,0,38,6
76,8,1,37,1
76,9,4,17,8
76,10,2,30,1
76,11,2,34,1
76,12,1,44,3
76,13,0,30,8
76,14,1,35,1
76,15,2,18,4
76,16,1,29,1
76,17,2,11,2
76,18,0,5,8
76,19,4,26,8
76,20,4,35,4
76,21,1,47,1
76,22,2,2,4
76,23,1,33,1
76,24,4,30,3
76,25,2,24,5
76,26,1,20,6
76,27,3,33,2
76,28,1,0,2
76,29,2,31,0
76,30,2,8,1
76,31,2,43,3
76,32,3,4,4
76,33,4,46,5
76,34,1,40,2
76,35,1,27,2
76,36,0,13,7
76,37,2,6,1
76,38,3,28,2
76,39,1,31,1
76,40,3,30,1
76,41,3,49,3
76,42,3,40,3
76,43,4,5,6
76,44,0,21,7
76,45,1,3,2
76,46,3,45,4
76,47,0,46,7
76,48,2,32,0
76,49,3,10,5
77,0,2,5,1
77,1,3,39,3
77,2,1,13,4
77,3,3,24,7
77,4,4,45,5
77,5,3,27,2
77,6,2,49,3
77,7,0,45,7
77,8,1,39,2
77,9,4,25,8
77,10,2,30,0
77,11,2,36,2
77,12,1,46,2
77,13,0,37,7
77,14,1,36,1
77,15,2,22,4
77,16,1,30,1
77,17,2,14,3
77,18,0,12,7
77,19,4,28,2
77,20,4,38,3
77,21,1,49,2
77,22,2,3,1
77,23,1,34,1
77,24,4,34,4
77,25,2,29,5
77,26,1,26,6
77,27,3,35,2
77,28,1,2,2
77,29,2,31,0
77,30,2,10,2
77,31,2,45,2
77,32,3,8,4
77,33,4,2,6
77,34,1,43,3
77,35,1,27,0
77,36,0,20,7
77,37,2,7,1
77,38,3,29,1
77,39,1,31,0
77,40,3,32,2
77,41,3,3,4
77,42,3,44,4
77,43,4,12,7
77,44,0,29,8
77,45,1,6,3
77,46,3,48,3
77,47,0,4,8
77,48,2,33,1
77,49,3,16,6
78,0,2,6,1
78,1,3,43,4
78,2,1,18,5
78,3,3,26,2
78,4,4,1,6
78,5,3,28,1
78,6,2,2,3
78,7,0,3,8
78,8,1,42,3
78,9,4,27,2
78,10,2,30,0
78,11,2,39,3
78,12,1,48,2
78,13,0,44,7
78,14,1,38,2
78,15,2,27,5
78,16,1,30,0
78,17,2,18,4
78,18,0,19,7
78,19,4,30,2
78,20,4,42,4
78,21,1,0,1
78,22,2,4,1
78,23,1,35,1
78,24,4,37,3
78,25,2,29,0
78,26,1,26,0
78,27,3,38,3
78,28,1,4,2
78,29,2,32,1
78,30,2,13,3
78,31,2,48,3
78,32,3,13,5
78,33,4,9,7
78,34,1,45,2
78,35,1,27,0
78,36,0,28,8
78,37,2,9,2
78,38,3,31,2
78,39,1,32,1
78,40,3,34,2
78,41,3,7,4
78,42,3,47,3
78,43,4,19,7
78,44,0,35,6
78,45,1,10,4
78,46,3,2,4
78,47,0,11,7
78,48,2,35,2
78,49,3,22,6
79,0,2,8,2
79,1,3,45,2
79,2,1,24,6
79,3,3,27,1
79,4,4,8,7
79,5,3,30,2
79,6,2,3,1
79,7,0,10,7
79,8,1,44,2
79,9,4,29,2
79,10,2,31,1
79,11,2,43,4
79,12,1,49,1
79,13,0,2,8
79,14,1,41,3
79,15,2,28,1
79,16,1,31,1
79,17,2,23,5
79,18,0,27,8
79,19,4,33,3
79,20,4,47,5
79,21,1,2,2
79,22,2,5,1
79,23,1,37,2
79,24,4,41,4
79,25,2,29,0
79,26,1,26,0
79,27,3,42,4
79,28,1,7,3
79,29,2,34,2
79,30,2,17,4
79,31,2,1,3
79,32,3,19,6
79,33,4,17,8
79,34,1,47,2
79,35,1,28,1
79,36,0,34,6
79,37,2,12,3
79,38,3,33,2
79,39,1,34,2
79,40,3,36,2
79,41,3,12,5
79,42,3,1,4
79,43,4,26,7
79,44,0,42,7
79,45,1,15,5
79,46,3,6,4
79,47,0,18,7
79,48,2,38,3
79,49,3,25,3
80,0,2,11,3
80,1,3,47,2
80,2,1,25,1
80,3,3,29,2
80,4,4,16,8
80,5,3,32,2
80,6,2,4,1
80,7,0,16,6
80,8,1,46,2
80,9,4,32,3
80,10,2,33,2
80,11,2,48,5
80,12,1,1,2
80,13,0,9,7
80,14,1,42,1
80,15,2,28,0
80,16,1,33,2
80,17,2,27,4
80,18,0,33,6
80,19,4,36,3
80,20,4,3,6
80,21,1,5,3
80,22,2,7,2
80,23,1,40,3
80,24,4,46,5
80,25,2,29,0
80,26,1,27,1
80,27,3,44,2
80,28,1,11,4
80,29,2,37,3
80,30,2,22,5
80,31,2,2,1
80,32,3,24,5
80,33,4,25,8
80,34,1,48,1
80,35,1,30,2
80,36,0,41,7
80,37,2,16,4
80,38,3,35,2
80,39,1,35,1
80,40,3,39,3
80,41,3,18,6
80,42,3,5,4
80,43,4,28,2
80,44,0,0,8
80,45,1,21,6
80,46,3,11,5
80,47,0,26,8
80,48,2,42,4
80,49,3,26,1
81,0,2,15,4
81,1,3,0,3
81,2,1,26,1
81,3,3,31,2
81,4,4,24,8
81,5,3,34,2
81,6,2,6,2
81,7,0,23,7
81,8,1,47,1
81,9,4,35,3
81,10,2,36,3
81,11,2,1,3
81,12,1,4,3
81,13,0,15,6
81,14,1,44,2
81,15,2,28,0
81,16,1,34,1
81,17,2,27,0
81,18,0,39,6
81,19,4,40,4
81,20,4,10,7
81,21,1,9,4
81,22,2,10,3
81,23,1,41,1
81,24,4,2,6
81,25,2,30,1
81,26,1,29,2
81,27,3,46,2
81,28,1,16,5
81,29,2,41,4
81,30,2,26,4
81,31,2,3,1
81,32,3,25,1
81,33,4,27,2
81,34,1,0,2
81,35,1,32,2
81,36,0,49,8
81,37,2,21,5
81,38,3,38,3
81,39,1,37,2
81,40,3,42,3
81,41,3,23,5
81,42,3,10,5
81,43,4,30,2
81,44,0,8,8
81,45,1,24,3
81,46,3,17,6
81,47,0,32,6
81,48,2,47,5
81,49,3,28,2
82,0,2,20,5
82,1,3,4,4
82,2,1,28,2
82,3,3,33,2
82,4,4,26,2
82,5,3,37,3
82,6,2,9,3
82,7,0,31,8
82,8,1,49,2
82,9,4,39,4
82,10,2,40,4
82,11,2,2,1
82,12,1,8,4
82,13,0,22,7
82,14,1,46,2
82,15,2,29,1
82,16,1,36,2
82,17,2,27,0
82,18,0,46,7
82,19,4,45,5
82,20,4,18,8
82,21,1,14,5
82,22,2,14,4
82,23,1,43,2
82,24,4,9,7
82,25,2,32,2
82,26,1,31,2
82,27,3,49,3
82,28,1,22,6
82,29,2,46,5
82,30,2,26,0
82,31,2,5,2
82,32,3,27,2
82,33,4,28,1
82,34,1,3,3
82,35,1,33,1
82,36,0,7,8
82,37,2,25,4
82,38,3,41,3
82,39,1,39,2
82,40,3,45,3
82,41,3,24,1
82,42,3,16,6
82,43,4,33,3
82,44,0,14,6
82,45,1,25,1
82,46,3,22,5
82,47,0,38,6
82,48,2,0,3
82,49,3,30,2
83,0,2,24,4
83,1,3,9,5
83,2,1,30,2
83,3,3,36,3
83,4,4,27,1
83,5,3,40,3
83,6,2,13,4
83,7,0,37,6
83,8,1,2,3
83,9,4,44,5
83,10,2,45,5
83,11,2,4,2
83,12,1,13,5
83,13,0,30,8
83,14,1,48,2
83,15,2,31,2
83,16,1,38,2
83,17,2,28,1
83,18,0,4,8
83,19,4,1,6
83,20,4,25,7
83,21,1,20,6
83,22,2,19,5
83,23,1,45,2
83,24,4,17,8
83,25,2,35,3
83,26,1,32,1
83,27,3,3,4
83,28,1,23,1
83,29,2,49,3
83,30,2,26,0
83,31,2,8,3
83,32,3,29,2
83,33,4,30,2
83,34,1,7,4
83,35,1,35,2
83,36,0,13,6
83,37,2,25,0
83,38,3,43,2
83,39,1,42,3
83,40,3,47,2
83,41,3,26,2
83,42,3,21,5
83,43,4,37,4
83,44,0,21,7
83,45,1,27,2
83,46,3,23,1
83,47,0,45,7
83,48,2,1,1
83,49,3,32,2
84,0,2,24,0
84,1,3,15,6
84,2,1,31,1
84,3,3,39,3
84,4,4,29,2
84,5,3,42,2
84,6,2,18,5
84,7,0,43,6
84,8,1,6,4
84,9,4,0,6
84,10,2,48,3
84,11,2,7,3
84,12,1,19,6
84,13,0,36,6
84,14,1,1,3
84,15,2,34,3
84,16,1,41,3
84,17,2,30,2
84,18,0,12,8
84,19,4,8,7
84,20,4,26,1
84,21,1,22,2
84,22,2,23,4
84,23,1,47,2
84,24,4,24,7
84,25,2,39,4
84,26,1,34,2
84,27,3,8,5
84,28,1,25,2
84,29,2,0,1
84,30,2,27,1
84,31,2,12,4
84,32,3,31,2
84,33,4,33,3
84,34,1,12,5
84,35,1,36,1
84,36,0,20,7
84,37,2,25,0
84,38,3,46,3
84,39,1,44,2
84,40,3,0,3
84,41,3,28,2
84,42,3,22,1
84,43,4,42,5
84,44,0,29,8
84,45,1,29,2
84,46,3,25,2
84,47,0,3,8
84,48,2,3,2
84,49,3,35,3
85,0,2,24,0
85,1,3,21,6
85,2,1,33,2
85,3,3,41,2
85,4,4,32,3
85,5,3,45,3
85,6,2,22,4
85,7,0,0,7
85,8,1,11,5
85,9,4,7,7
85,10,2,49,1
85,11,2,11,4
85,12,1,21,2
85,13,0,42,6
85,14,1,5,4
85,15,2,38,4
85,16,1,43,2
85,17,2,33,3
85,18,0,19,7
85,19,4,16,8
85,20,4,28,2
85,21,1,24,2
85,22,2,23,0
85,23,1,0,3
85,24,4,25,1
85,25,2,44,5
85,26,1,35,1
85,27,3,14,6
85,28,1,28,3
85,29,2,2,2
85,30,2,29,2
85,31,2,17,5
85,32,3,34,3
85,33,4,37,4
85,34,1,18,6
85,35,1,38,2
85,36,0,28,8
85,37,2,26,1
85,38,3,49,3
85,39,1,46,2
85,40,3,4,4
85,41,3,30,2
85,42,3,24,2
85,43,4,48,6
85,44,0,35,6
85,45,1,30,1
85,46,3,27,2
85,47,0,11,8
85,48,2,6,3
85,49,3,38,3
86,0,2,25,1
86,1,3,22,1
86,2,1,33,0
86,3,3,44,3
86,4,4,36,4
86,5,3,48,3
86,6,2,22,0
86,7,0,7,7
86,8,1,17,6
86,9,4,15,8
86,10,2,1,2
86,11,2,16,5
86,12,1,23,2
86,13,0,49,7
86,14,1,10,5
86,15,2,43,5
86,16,1,45,2
86,17,2,37,4
86,18,0,27,8
86,19,4,24,8
86,20,4,31,3
86,21,1,27,3
86,22,2,23,0
86,23,1,4,4
86,24,4,27,2
86,25,2,48,4
86,26,1,37,2
86,27,3,19,5
86,28,1,29,1
86,29,2,4,2
86,30,2,32,3
86,31,2,21,4
86,32,3,37,3
86,33,4,42,5
86,34,1,20,2
86,35,1,41,3
86,36,0,34,6
86,37,2,28,2
86,38,3,3,4
86,39,1,48,2
86,40,3,8,4
86,41,3,33,3
86,42,3,26,2
86,43,4,5,7
86,44,0,41,6
86,45,1,32,2
86,46,3,29,2
86,47,0,18,7
86,48,2,9,3
86,49,3,39,1
87,0,2,27,2
87,1,3,24,2
87,2,1,34,1
87,3,3,47,3
87,4,4,41,5
87,5,3,2,4
87,6,2,22,0
87,7,0,15,8
87,8,1,19,2
87,9,4,23,8
87,10,2,3,2
87,11,2,20,4
87,12,1,26,3
87,13,0,5,6
87,14,1,16,6
87,15,2,47,4
87,16,1,47,2
87,17,2,42,5
87,18,0,32,5
87,19,4,26,2
87,20,4,34,3
87,21,1,28,1
87,22,2,24,1
87,23,1,9,5
87,24,4,30,3
87,25,2,0,2
87,26,1,40,3
87,27,3,21,2
87,28,1,31,2
87,29,2,7,3
87,30,2,36,4
87,31,2,21,0
87,32,3,38,1
87,33,4,48,6
87,34,1,22,2
87,35,1,44,3
87,36,0,40,6
87,37,2,31,3
87,38,3,7,4
87,39,1,1,3
87,40,3,12,4
87,41,3,36,3
87,42,3,28,2
87,43,4,13,8
87,44,0,48,7
87,45,1,32,0
87,46,3,32,3
87,47,0,26,8
87,48,2,12,3
87,49,3,41,2
88,0,2,30,3
88,1,3,27,3
88,2,1,36,2
88,3,3,1,4
88,4,4,47,6
88,5,3,6,4
88,6,2,22,0
88,7,0,24,9
88,8,1,21,2
88,9,4,25,2
88,10,2,6,3
88,11,2,20,0
88,12,1,27,1
88,13,0,12,7
88,14,1,18,2
88,15,2,49,2
88,16,1,0,3
88,17,2,46,4
88,18,0,38,6
88,19,4,28,2
88,20,4,38,4
88,21,1,30,2
88,22,2,26,2
88,23,1,14,5
88,24,4,33,3
88,25,2,1,1
88,26,1,43,3
88,27,3,23,2
88,28,1,31,0
88,29,2,11,4
88,30,2,41,5
88,31,2,21,0
88,32,3,40,2
88,33,4,5,7
88,34,1,25,3
88,35,1,46,2
88,36,0,47,7
88,37,2,35,4
88,38,3,11,4
88,39,1,5,4
88,40,3,17,5
88,41,3,37,1
88,42,3,31,3
88,43,4,22,9
88,44,0,4,6
88,45,1,33,1
88,46,3,35,3
88,47,0,31,5
88,48,2,15,3
88,49,3,44,3
89,0,2,34,4
89,1,3,30,3
89,2,1,39,3
89,3,3,5,4
89,4,4,4,7
89,5,3,10,4
89,6,2,23,1
89,7,0,30,6
89,8,1,24,3
89,9,4,27,2
89,10,2,10,4
89,11,2,20,0
89,12,1,29,2
89,13,0,20,8
89,14,1,20,2
89,15,2,0,1
89,16,1,4,4
89,17,2,48,2
89,18,0,45,7
89,19,4,30,2
89,20,4,43,5
89,21,1,30,0
89,22,2,29,3
89,23,1,17,3
89,24,4,37,4
89,25,2,3,2
89,26,1,45,2
89,27,3,26,3
89,28,1,32,1
89,29,2,13,2
89,30,2,45,4
89,31,2,21,0
89,32,3,42,2
89,33,4,13,8
89,34,1,26,1
89,35,1,49,3
89,36,0,3,6
89,37,2,40,5
89,38,3,16,5
89,39,1,10,5
89,40,3,22,5
89,41,3,39,2
89,42,3,34,3
89,43,4,24,2
89,44,0,11,7
89,45,1,35,2
89,46,3,36,1
89,47,0,37,6
89,48,2,19,4
89,49,3,48,4
90,0,2,38,4
90,1,3,32,2
90,2,1,43,4
90,3,3,9,4
90,4,4,12,8
90,5,3,15,5
90,6,2,25,2
90,7,0,36,6
90,8,1,25,1
90,9,4,29,2
90,10,2,12,2
90,11,2,20,0
90,12,1,29,0
90,13,0,29,9
90,14,1,23,3
90,15,2,2,2
90,16,1,9,5
90,17,2,49,1
90,18,0,2,7
90,19,4,32,2
90,20,4,49,6
90,21,1,31,1
90,22,2,33,4
90,23,1,19,2
90,24,4,42,5
90,25,2,6,3
90,26,1,48,3
90,27,3,29,3
90,28,1,34,2
90,29,2,16,3
90,30,2,47,2
90,31,2,22,1
90,32,3,45,3
90,33,4,22,9
90,34,1,28,2
90,35,1,3,4
90,36,0,10,7
90,37,2,44,4
90,38,3,21,5
90,39,1,15,5
90,40,3,25,3
90,41,3,41,2
90,42,3,35,1
90,43,4,25,1
90,44,0,19,8
90,45,1,38,3
90,46,3,37,1
90,47,0,44,7
90,48,2,19,0
90,49,3,3,5
91,0,2,43,5
91,1,3,34,2
91,2,1,47,4
91,3,3,14,5
91,4,4,21,9
91,5,3,20,5
91,6,2,28,3
91,7,0,43,7
91,8,1,27,2
91,9,4,31,2
91,10,2,15,3
91,11,2,21,1
91,12,1,30,1
91,13,0,35,6
91,14,1,24,1
91,15,2,5,3
91,16,1,13,4
91,17,2,1,2
91,18,0,9,7
91,19,4,35,3
91,20,4,6,7
91,21,1,33,2
91,22,2,37,4
91,23,1,22,3
91,24,4,48,6
91,25,2,10,4
91,26,1,2,4
91,27,3,31,2
91,28,1,37,3
91,29,2,18,2
91,30,2,48,1
91,31,2,24,2
91,32,3,49,4
91,33,4,24,2
91,34,1,28,0
91,35,1,7,4
91,36,0,18,8
91,37,2,46,2
91,38,3,24,3
91,39,1,18,3
91,40,3,27,2
91,41,3,44,3
91,42,3,36,1
91,43,4,27,2
91,44,0,28,9
91,45,1,42,4
91,46,3,39,2
91,47,0,0,6
91,48,2,19,0
91,49,3,8,5
92,0,2,45,2
92,1,3,35,1
92,2,1,1,4
92,3,3,19,5
92,4,4,23,2
92,5,3,23,3
92,6,2,32,4
92,7,0,49,6
92,8,1,27,0
92,9,4,34,3
92,10,2,17,2
92,11,2,23,2
92,12,1,32,2
92,13,0,42,7
92,14,1,26,2
92,15,2,9,4
92,16,1,17,4
92,17,2,4,3
92,18,0,17,8
92,19,4,39,4
92,20,4,13,7
92,21,1,36,3
92,22,2,42,5
92,23,1,23,1
92,24,4,5,7
92,25,2,14,4
92,26,1,6,4
92,27,3,33,2
92,28,1,40,3
92,29,2,18,0
92,30,2,0,2
92,31,2,27,3
92,32,3,4,5
92,33,4,26,2
92,34,1,29,1
92,35,1,12,5
92,36,0,27,9
92,37,2,47,1
92,38,3,26,2
92,39,1,21,3
92,40,3,30,3
92,41,3,48,4
92,42,3,38,2
92,43,4,30,3
92,44,0,34,6
92,45,1,46,4
92,46,3,42,3
92,47,0,7,7
92,48,2,20,1
92,49,3,13,5
93,0,2,46,1
93,1,3,37,2
93,2,1,4,3
93,3,3,22,3
93,4,4,25,2
93,5,3,25,2
93,6,2,36,4
93,7,0,6,7
93,8,1,28,1
93,9,4,38,4
93,10,2,17,0
93,11,2,26,3
93,12,1,35,3
93,13,0,48,6
93,14,1,26,0
93,15,2,13,4
93,16,1,20,3
93,17,2,8,4
93,18,0,26,9
93,19,4,44,5
93,20,4,21,8
93,21,1,38,2
93,22,2,44,2
93,23,1,25,2
93,24,4,12,7
93,25,2,16,2
93,26,1,11,5
93,27,3,34,1
93,28,1,44,4
93,29,2,19,1
93,30,2,3,3
93,31,2,31,4
93,32,3,10,6
93,33,4,29,3
93,34,1,31,2
93,35,1,16,4
93,36,0,32,5
93,37,2,49,2
93,38,3,29,3
93,39,1,22,1
93,40,3,32,2
93,41,3,3,5
93,42,3,40,2
93,43,4,33,3
93,44,0,41,7
93,45,1,0,4
93,46,3,46,4
93,47,0,14,7
93,48,2,22,2
93,49,3,18,5
94,0,2,48,2
94,1,3,39,2
94,2,1,8,4
94,3,3,24,2
94,4,4,28,3
94,5,3,28,3
94,6,2,41,5
94,7,0,13,7
94,8,1,30,2
94,9,4,43,5
94,10,2,17,0
94,11,2,30,4
94,12,1,37,2
94,13,0,5,7
94,14,1,27,1
94,15,2,15,2
94,16,1,20,0
94,17,2,12,4
94,18,0,31,5
94,19,4,0,6
94,20,4,24,3
94,21,1,40,2
94,22,2,45,1
94,23,1,25,0
94,24,4,20,8
94,25,2,16,0
94,26,1,15,4
94,27,3,36,2
94,28,1,49,5
94,29,2,21,2
94,30,2,6,3
94,31,2,35,4
94,32,3,17,7
94,33,4,32,3
94,34,1,34,3
94,35,1,19,3
94,36,0,38,6
94,37,2,2,3
94,38,3,31,2
94,39,1,24,2
94,40,3,32,0
94,41,3,9,6
94,42,3,43,3
94,43,4,37,4
94,44,0,47,6
94,45,1,3,3
94,46,3,1,5
94,47,0,22,8
94,48,2,24,2
94,49,3,21,3
95,0,2,1,3
95,1,3,42,3
95,2,1,13,5
95,3,3,27,3
95,4,4,31,3
95,5,3,30,2
95,6,2,44,3
95,7,0,21,8
95,8,1,33,3
95,9,4,48,5
95,10,2,18,1
95,11,2,34,4
95,12,1,39,2
95,13,0,12,7
95,14,1,29,2
95,15,2,15,0
95,16,1,21,1
95,17,2,14,2
95,18,0,36,5
95,19,4,7,7
95,20,4,27,3
95,21,1,43,3
95,22,2,47,2
95,23,1,26,1
95,24,4,22,2
95,25,2,16,0
95,26,1,18,3
95,27,3,38,2
95,28,1,2,3
95,29,2,23,2
95,30,2,10,4
95,31,2,40,5
95,32,3,20,3
95,33,4,36,4
95,34,1,36,2
95,35,1,19,0
95,36,0,45,7
95,37,2,5,3
95,38,3,31,0
95,39,1,24,0
95,40,3,33,1
95,41,3,16,7
95,42,3,47,4
95,43,4,42,5
95,44,0,4,7
95,45,1,7,4
95,46,3,6,5
95,47,0,30,8
95,48,2,27,3
95,49,3,23,2
96,0,2,4,3
96,1,3,46,4
96,2,1,17,4
96,3,3,28,1
96,4,4,35,4
96,5,3,30,0
96,6,2,46,2
96,7,0,29,8
96,8,1,35,2
96,9,4,4,6
96,10,2,20,2
96,11,2,39,5
96,12,1,42,3
96,13,0,20,8
96,14,1,32,3
96,15,2,15,0
96,16,1,23,2
96,17,2,14,0
96,18,0,42,6
96,19,4,15,8
96,20,4,30,3
96,21,1,47,4
96,22,2,0,3
96,23,1,28,2
96,24,4,25,3
96,25,2,17,1
96,26,1,18,0
96,27,3,41,3
96,28,1,6,4
96,29,2,26,3
96,30,2,12,2
96,31,2,43,3
96,32,3,22,2
96,33,4,41,5
96,34,1,38,2
96,35,1,20,1
96,36,0,3,8
96,37,2,9,4
96,38,3,32,1
96,39,1,25,1
96,40,3,35,2
96,41,3,19,3
96,42,3,2,5
96,43,4,47,5
96,44,0,11,7
96,45,1,12,5
96,46,3,12,6
96,47,0,35,5
96,48,2,31,4
96,49,3,26,3
97,0,2,8,4
97,1,3,1,5
97,2,1,17,0
97,3,3,29,1
97,4,4,40,5
97,5,3,31,1
97,6,2,49,3
97,7,0,34,5
97,8,1,37,2
97,9,4,11,7
97,10,2,23,3
97,11,2,41,2
97,12,1,46,4
97,13,0,28,8
97,14,1,34,2
97,15,2,16,1
97,16,1,24,1
97,17,2,14,0
97,18,0,49,7
97,19,4,24,9
97,20,4,34,4
97,21,1,2,5
97,22,2,2,2
97,23,1,31,3
97,24,4,29,4
97,25,2,19,2
97,26,1,18,0
97,27,3,45,4
97,28,1,11,5
97,29,2,30,4
97,30,2,13,1
97,31,2,45,2
97,32,3,25,3
97,33,4,46,5
97,34,1,41,3
97,35,1,22,2
97,36,0,10,7
97,37,2,11,2
97,38,3,34,2
97,39,1,27,2
97,40,3,38,3
97,41,3,21,2
97,42,3,8,6
97,43,4,3,6
97,44,0,19,8
97,45,1,16,4
97,46,3,17,5
97,47,0,41,6
97,48,2,36,5
97,49,3,27,1
98,0,2,10,2
98,1,3,7,6
98,2,1,17,0
98,3,3,30,1
98,4,4,45,5
98,5,3,33,2
98,6,2,1,2
98,7,0,40,6
98,8,1,40,3
98,9,4,18,7
98,10,2,27,4
98,11,2,44,3
98,12,1,0,4
98,13,0,33,5
98,14,1,35,1
98,15,2,18,2
98,16,1,26,2
98,17,2,15,1
98,18,0,7,8
98,19,4,28,4
98,20,4,39,5
98,21,1,8,6
98,22,2,5,3
98,23,1,33,2
98,24,4,33,4
98,25,2,22,3
98,26,1,19,1
98,27,3,0,5
98,28,1,15,4
98,29,2,34,4
98,30,2,13,0
98,31,2,48,3
98,32,3,26,1
98,33,4,2,6
98,34,1,45,4
98,35,1,23,1
98,36,0,18,8
98,37,2,11,0
98,38,3,37,3
98,39,1,30,3
98,40,3,41,3
98,41,3,24,3
98,42,3,15,7
98,43,4,10,7
98,44,0,27,8
98,45,1,16,0
98,46,3,20,3
98,47,0,48,7
98,48,2,40,4
98,49,3,28,1
99,0,2,10,0
99,1,3,14,7
99,2,1,18,1
99,3,3,32,2
99,4,4,1,6
99,5,3,36,3
99,6,2,4,3
99,7,0,47,7
99,8,1,44,4
99,9,4,26,8
99,10,2,32,5
99,11,2,47,3
99,12,1,5,5
99,13,0,39,6
99,14,1,37,2
99,15,2,21,3
99,16,1,29,3
99,17,2,17,2
99,18,0,16,9
99,19,4,32,4
99,20,4,44,5
99,21,1,14,6
99,22,2,9,4
99,23,1,34,1
99,24,4,37,4
99,25,2,26,4
99,26,1,21,2
99,27,3,6,6
99,28,1,15,0
99,29,2,39,5
99,30,2,14,1
99,31,2,0,2
99,32,3,27,1
99,33,4,9,7
99,34,1,49,4
99,35,1,25,2
99,36,0,26,8
99,37,2,12,1
99,38,3,40,3
99,39,1,32,2
99,40,3,45,4
99,41,3,25,1
99,42,3,19,4
99,43,4,17,7
99,44,0,32,5
99,45,1,16,0
99,46,3,23,3
99,47,0,6,8
99,48,2,43,3
99,49,3,29,1
100,0,2,11,1
100,1,3,18,4
100,2,1,19,1
100,3,3,35,3
100,4,4,8,7
100,5,3,39,3
100,6,2,8,4
100,7,0,5,8
100,8,1,48,4
100,9,4,31,5
100,10,2,38,6
100,11,2,48,1
100,12,1,11,6
100,13,0,46,7
100,14,1,40,3
100,15,2,25,4
100,16,1,31,2
100,17,2,20,3
100,18,0,25,9
100,19,4,36,4
100,20,4,0,6
100,21,1,14,0
100,22,2,9,0
100,23,1,36,2
100,24,4,42,5
100,25,2,31,5
100,26,1,24,3
100,27,3,13,7
100,28,1,15,0
100,29,2,42,3
100,30,2,16,2
100,31,2,3,3
100,32,3,27,0
100,33,4,16,7
100,34,1,4,5
100,35,1,28,3
100,36,0,31,5
100,37,2,13,1
100,38,3,44,4
100,39,1,33,1
100,40,3,0,5
100,41,3,26,1
100,42,3,22,3
100,43,4,25,8
100,44,0,38,6
100,45,1,17,1
100,46,3,24,1
100,47,0,15,9
100,48,2,46,3
100,49,3,31,2
